/*
SQLyog Ultimate v11.5 (64 bit)
MySQL - 5.6.21 : Database - starcrossed
*********************************************************************
*/

/*!40101 SET NAMES utf8 */;

/*!40101 SET SQL_MODE=''*/;

/*!40014 SET @OLD_UNIQUE_CHECKS=@@UNIQUE_CHECKS, UNIQUE_CHECKS=0 */;
/*!40014 SET @OLD_FOREIGN_KEY_CHECKS=@@FOREIGN_KEY_CHECKS, FOREIGN_KEY_CHECKS=0 */;
/*!40101 SET @OLD_SQL_MODE=@@SQL_MODE, SQL_MODE='NO_AUTO_VALUE_ON_ZERO' */;
/*!40111 SET @OLD_SQL_NOTES=@@SQL_NOTES, SQL_NOTES=0 */;
CREATE DATABASE /*!32312 IF NOT EXISTS*/`starcrossed` /*!40100 DEFAULT CHARACTER SET latin1 */;

USE `starcrossed`;

/*Table structure for table `aspects` */

DROP TABLE IF EXISTS `aspects`;

CREATE TABLE `aspects` (
  `id` int(11) NOT NULL AUTO_INCREMENT,
  `name` varchar(12) DEFAULT NULL,
  `date_created` timestamp NULL DEFAULT NULL,
  `last_updated` timestamp NULL DEFAULT NULL,
  `version` tinyint(4) DEFAULT NULL,
  PRIMARY KEY (`id`)
) ENGINE=InnoDB AUTO_INCREMENT=14 DEFAULT CHARSET=latin1;

/*Data for the table `aspects` */

insert  into `aspects`(`id`,`name`,`date_created`,`last_updated`,`version`) values (1,'conjunct','2018-03-20 15:35:28','2018-03-20 15:35:28',0),(2,'trine','2018-03-20 15:35:28','2018-03-20 15:35:28',0),(3,'sextile','2018-03-20 15:35:28','2018-03-20 15:35:28',0),(4,'square','2018-03-20 15:35:28','2018-03-20 15:35:28',0),(5,'opposition','2018-03-20 15:35:28','2018-03-20 15:35:28',0),(6,'semi-square','2018-03-20 15:35:28','2018-03-20 15:35:28',0),(7,'in','2018-03-20 15:35:28','2018-03-20 15:35:28',0),(8,'aspect','2018-03-20 15:35:28','2018-03-20 15:35:28',0),(9,'to','2018-03-20 15:35:28','2018-03-20 15:35:28',0),(10,'opposite','2018-03-20 15:35:28','2018-03-20 15:35:28',0),(11,'Descendant','2018-03-20 15:35:28','2018-03-20 15:35:28',0),(12,'Ascendant','2018-03-20 15:35:28','2018-03-20 15:35:28',0),(13,'conjunction','2018-03-20 15:35:28','2018-03-20 15:35:28',0);

/*Table structure for table `entities` */

DROP TABLE IF EXISTS `entities`;

CREATE TABLE `entities` (
  `id` int(11) NOT NULL AUTO_INCREMENT,
  `name` varchar(24) DEFAULT NULL,
  `date_created` timestamp NULL DEFAULT NULL,
  `last_updated` timestamp NULL DEFAULT NULL,
  `version` tinyint(4) DEFAULT NULL,
  PRIMARY KEY (`id`)
) ENGINE=InnoDB AUTO_INCREMENT=24 DEFAULT CHARSET=latin1;

/*Data for the table `entities` */

insert  into `entities`(`id`,`name`,`date_created`,`last_updated`,`version`) values (1,'Sun','2018-03-20 15:35:28','2018-03-20 15:35:28',0),(2,'Moon','2018-03-20 15:35:28','2018-03-20 15:35:28',0),(3,'Mercury','2018-03-20 15:35:28','2018-03-20 15:35:28',0),(4,'Venus','2018-03-20 15:35:28','2018-03-20 15:35:28',0),(5,'Mars','2018-03-20 15:35:28','2018-03-20 15:35:28',0),(6,'Jupiter','2018-03-20 15:35:28','2018-03-20 15:35:28',0),(7,'Saturn','2018-03-20 15:35:28','2018-03-20 15:35:28',0),(8,'Uranus','2018-03-20 15:35:28','2018-03-20 15:35:28',0),(9,'Neptune','2018-03-20 15:35:28','2018-03-20 15:35:28',0),(10,'Pluto','2018-03-20 15:35:28','2018-03-20 15:35:28',0),(11,'Chiron','2018-03-20 15:35:28','2018-03-20 15:35:28',0),(12,'Ascendant','2018-03-20 15:35:28','2018-03-20 15:35:28',0),(13,'Descendant','2018-03-20 15:35:28','2018-03-20 15:35:28',0),(14,'IC','2018-03-20 15:35:28','2018-03-20 15:35:28',0),(15,'Vertex','2018-03-20 15:35:28','2018-03-20 15:35:28',0),(16,'North-Node','2018-03-20 15:35:28','2018-03-20 15:35:28',0),(17,'South-Node','2018-03-20 15:35:28','2018-03-20 15:35:28',0),(18,'Nodes-of-Moon','2018-03-20 15:35:28','2018-03-20 15:35:28',0),(19,'Sun-Moon-Midpoint','2018-03-20 15:35:28','2018-03-20 15:35:28',0),(20,'7th','2018-03-20 15:35:28','2018-03-20 15:35:28',0),(21,'1st','2018-03-20 15:35:28','2018-03-20 15:35:28',0),(22,'MC','2018-03-20 15:35:28','2018-03-20 15:35:28',0),(23,'Any-Node-of-Moon','2018-03-20 15:35:28','2018-03-20 15:35:28',0);

/*Table structure for table `entity_relationships` */

DROP TABLE IF EXISTS `entity_relationships`;

CREATE TABLE `entity_relationships` (
  `id` int(11) NOT NULL AUTO_INCREMENT,
  `entity_id` int(11) DEFAULT NULL,
  `aspect_id` int(11) DEFAULT NULL,
  `entity2_id` int(11) DEFAULT NULL,
  `score` tinyint(4) DEFAULT NULL,
  `date_created` timestamp NOT NULL DEFAULT CURRENT_TIMESTAMP ON UPDATE CURRENT_TIMESTAMP,
  `last_updated` timestamp NOT NULL DEFAULT '0000-00-00 00:00:00',
  `version` tinyint(4) DEFAULT NULL,
  PRIMARY KEY (`id`)
) ENGINE=InnoDB AUTO_INCREMENT=357 DEFAULT CHARSET=latin1;

/*Data for the table `entity_relationships` */

insert  into `entity_relationships`(`id`,`entity_id`,`aspect_id`,`entity2_id`,`score`,`date_created`,`last_updated`,`version`) values (1,1,1,1,1,'2018-03-20 15:35:28','2018-03-20 15:35:28',0),(2,1,2,1,3,'2018-03-20 15:35:28','2018-03-20 15:35:28',0),(3,1,3,1,3,'2018-03-20 15:35:28','2018-03-20 15:35:28',0),(4,1,4,1,-2,'2018-03-20 15:35:28','2018-03-20 15:35:28',0),(5,1,5,1,2,'2018-03-20 15:35:28','2018-03-20 15:35:28',0),(6,1,1,2,3,'2018-03-20 15:35:28','2018-03-20 15:35:28',0),(7,1,2,2,3,'2018-03-20 15:35:28','2018-03-20 15:35:28',0),(8,1,3,2,3,'2018-03-20 15:35:28','2018-03-20 15:35:28',0),(9,1,4,2,-3,'2018-03-20 15:35:28','2018-03-20 15:35:28',0),(10,1,5,2,2,'2018-03-20 15:35:28','2018-03-20 15:35:28',0),(11,1,1,3,2,'2018-03-20 15:35:28','2018-03-20 15:35:28',0),(12,1,3,3,2,'2018-03-20 15:35:28','2018-03-20 15:35:28',0),(13,1,2,3,2,'2018-03-20 15:35:28','2018-03-20 15:35:28',0),(14,1,4,3,-1,'2018-03-20 15:35:28','2018-03-20 15:35:28',0),(15,1,5,3,-1,'2018-03-20 15:35:28','2018-03-20 15:35:28',0),(16,1,1,4,3,'2018-03-20 15:35:28','2018-03-20 15:35:28',0),(17,1,2,4,3,'2018-03-20 15:35:28','2018-03-20 15:35:28',0),(18,1,3,4,2,'2018-03-20 15:35:28','2018-03-20 15:35:28',0),(19,1,4,4,-1,'2018-03-20 15:35:28','2018-03-20 15:35:28',0),(20,1,5,4,-1,'2018-03-20 15:35:28','2018-03-20 15:35:28',0),(21,1,1,5,2,'2018-03-20 15:35:28','2018-03-20 15:35:28',0),(22,1,2,5,3,'2018-03-20 15:35:28','2018-03-20 15:35:28',0),(23,1,3,5,3,'2018-03-20 15:35:28','2018-03-20 15:35:28',0),(24,1,4,5,-2,'2018-03-20 15:35:28','2018-03-20 15:35:28',0),(25,1,5,5,-2,'2018-03-20 15:35:28','2018-03-20 15:35:28',0),(26,1,1,6,3,'2018-03-20 15:35:28','2018-03-20 15:35:28',0),(27,1,3,6,3,'2018-03-20 15:35:28','2018-03-20 15:35:28',0),(28,1,2,6,3,'2018-03-20 15:35:28','2018-03-20 15:35:28',0),(29,1,4,6,1,'2018-03-20 15:35:28','2018-03-20 15:35:28',0),(30,1,5,6,1,'2018-03-20 15:35:28','2018-03-20 15:35:28',0),(31,1,3,7,3,'2018-03-20 15:35:28','2018-03-20 15:35:28',0),(32,1,2,7,3,'2018-03-20 15:35:28','2018-03-20 15:35:28',0),(33,1,1,7,-2,'2018-03-20 15:35:28','2018-03-20 15:35:28',0),(34,1,4,7,-2,'2018-03-20 15:35:28','2018-03-20 15:35:28',0),(35,1,5,7,-2,'2018-03-20 15:35:28','2018-03-20 15:35:28',0),(36,1,3,8,2,'2018-03-20 15:35:28','2018-03-20 15:35:28',0),(37,1,2,8,2,'2018-03-20 15:35:28','2018-03-20 15:35:28',0),(38,1,1,8,-1,'2018-03-20 15:35:28','2018-03-20 15:35:28',0),(39,1,4,8,-1,'2018-03-20 15:35:28','2018-03-20 15:35:28',0),(40,1,5,8,-1,'2018-03-20 15:35:28','2018-03-20 15:35:28',0),(41,1,1,9,-2,'2018-03-20 15:35:28','2018-03-20 15:35:28',0),(42,1,4,9,-2,'2018-03-20 15:35:28','2018-03-20 15:35:28',0),(43,1,5,9,-2,'2018-03-20 15:35:28','2018-03-20 15:35:28',0),(44,1,3,9,1,'2018-03-20 15:35:28','2018-03-20 15:35:28',0),(45,1,2,9,1,'2018-03-20 15:35:28','2018-03-20 15:35:28',0),(46,1,1,10,1,'2018-03-20 15:35:28','2018-03-20 15:35:28',0),(47,1,3,10,1,'2018-03-20 15:35:28','2018-03-20 15:35:28',0),(48,1,2,10,1,'2018-03-20 15:35:28','2018-03-20 15:35:28',0),(49,1,4,10,-2,'2018-03-20 15:35:28','2018-03-20 15:35:28',0),(50,1,5,10,-2,'2018-03-20 15:35:28','2018-03-20 15:35:28',0),(51,1,1,11,3,'2018-03-20 15:35:28','2018-03-20 15:35:28',0),(52,1,2,11,3,'2018-03-20 15:35:28','2018-03-20 15:35:28',0),(53,1,3,11,3,'2018-03-20 15:35:28','2018-03-20 15:35:28',0),(54,1,1,12,3,'2018-03-20 15:35:28','2018-03-20 15:35:28',0),(55,1,3,12,2,'2018-03-20 15:35:28','2018-03-20 15:35:28',0),(56,1,2,12,2,'2018-03-20 15:35:28','2018-03-20 15:35:28',0),(57,1,4,12,-2,'2018-03-20 15:35:28','2018-03-20 15:35:28',0),(58,1,1,13,4,'2018-03-20 15:35:28','2018-03-20 15:35:28',0),(59,1,1,14,2,'2018-03-20 15:35:28','2018-03-20 15:35:28',0),(60,1,1,15,4,'2018-03-20 15:35:28','2018-03-20 15:35:28',0),(61,1,5,15,4,'2018-03-20 15:35:28','2018-03-20 15:35:28',0),(62,1,1,16,4,'2018-03-20 15:35:28','2018-03-20 15:35:28',0),(63,1,1,17,3,'2018-03-20 15:35:28','2018-03-20 15:35:28',0),(64,1,3,18,2,'2018-03-20 15:35:28','2018-03-20 15:35:28',0),(65,1,2,18,2,'2018-03-20 15:35:28','2018-03-20 15:35:28',0),(66,1,4,18,2,'2018-03-20 15:35:28','2018-03-20 15:35:28',0),(67,1,1,19,4,'2018-03-20 15:35:28','2018-03-20 15:35:28',0),(68,1,4,19,4,'2018-03-20 15:35:28','2018-03-20 15:35:28',0),(69,1,5,19,4,'2018-03-20 15:35:28','2018-03-20 15:35:28',0),(70,1,6,19,4,'2018-03-20 15:35:28','2018-03-20 15:35:28',0),(71,1,7,20,4,'2018-03-20 15:35:28','2018-03-20 15:35:28',0),(72,1,7,21,3,'2018-03-20 15:35:28','2018-03-20 15:35:28',0),(73,2,1,2,3,'2018-03-20 15:35:28','2018-03-20 15:35:28',0),(74,2,3,2,3,'2018-03-20 15:35:28','2018-03-20 15:35:28',0),(75,2,2,2,3,'2018-03-20 15:35:28','2018-03-20 15:35:28',0),(76,2,4,2,-3,'2018-03-20 15:35:28','2018-03-20 15:35:28',0),(77,2,5,2,1,'2018-03-20 15:35:28','2018-03-20 15:35:28',0),(78,2,1,3,2,'2018-03-20 15:35:28','2018-03-20 15:35:28',0),(79,2,3,3,2,'2018-03-20 15:35:28','2018-03-20 15:35:28',0),(80,2,2,3,2,'2018-03-20 15:35:28','2018-03-20 15:35:28',0),(81,2,4,3,-2,'2018-03-20 15:35:28','2018-03-20 15:35:28',0),(82,2,5,3,-2,'2018-03-20 15:35:28','2018-03-20 15:35:28',0),(83,2,1,4,3,'2018-03-20 15:35:28','2018-03-20 15:35:28',0),(84,2,3,4,3,'2018-03-20 15:35:28','2018-03-20 15:35:28',0),(85,2,2,4,3,'2018-03-20 15:35:28','2018-03-20 15:35:28',0),(86,2,4,4,1,'2018-03-20 15:35:28','2018-03-20 15:35:28',0),(87,2,5,4,1,'2018-03-20 15:35:28','2018-03-20 15:35:28',0),(88,2,1,5,-1,'2018-03-20 15:35:28','2018-03-20 15:35:28',0),(89,2,3,5,3,'2018-03-20 15:35:28','2018-03-20 15:35:28',0),(90,2,2,5,3,'2018-03-20 15:35:28','2018-03-20 15:35:28',0),(91,2,4,5,-3,'2018-03-20 15:35:28','2018-03-20 15:35:28',0),(92,2,5,5,-2,'2018-03-20 15:35:28','2018-03-20 15:35:28',0),(93,2,1,6,3,'2018-03-20 15:35:28','2018-03-20 15:35:28',0),(94,2,3,6,3,'2018-03-20 15:35:28','2018-03-20 15:35:28',0),(95,2,2,6,3,'2018-03-20 15:35:28','2018-03-20 15:35:28',0),(96,2,4,6,1,'2018-03-20 15:35:28','2018-03-20 15:35:28',0),(97,2,5,6,1,'2018-03-20 15:35:28','2018-03-20 15:35:28',0),(98,2,3,7,3,'2018-03-20 15:35:28','2018-03-20 15:35:28',0),(99,2,2,7,3,'2018-03-20 15:35:28','2018-03-20 15:35:28',0),(100,2,4,7,-4,'2018-03-20 15:35:28','2018-03-20 15:35:28',0),(101,2,1,7,-3,'2018-03-20 15:35:28','2018-03-20 15:35:28',0),(102,2,5,7,-3,'2018-03-20 15:35:28','2018-03-20 15:35:28',0),(103,2,1,8,-1,'2018-03-20 15:35:28','2018-03-20 15:35:28',0),(104,2,3,8,2,'2018-03-20 15:35:28','2018-03-20 15:35:28',0),(105,2,2,8,2,'2018-03-20 15:35:28','2018-03-20 15:35:28',0),(106,2,4,8,-2,'2018-03-20 15:35:28','2018-03-20 15:35:28',0),(107,2,5,8,-2,'2018-03-20 15:35:28','2018-03-20 15:35:28',0),(108,2,1,9,1,'2018-03-20 15:35:28','2018-03-20 15:35:28',0),(109,2,3,9,2,'2018-03-20 15:35:28','2018-03-20 15:35:28',0),(110,2,2,9,2,'2018-03-20 15:35:28','2018-03-20 15:35:28',0),(111,2,4,9,-3,'2018-03-20 15:35:28','2018-03-20 15:35:28',0),(112,2,5,9,-3,'2018-03-20 15:35:28','2018-03-20 15:35:28',0),(113,2,1,10,1,'2018-03-20 15:35:28','2018-03-20 15:35:28',0),(114,2,3,10,2,'2018-03-20 15:35:28','2018-03-20 15:35:28',0),(115,2,2,10,2,'2018-03-20 15:35:28','2018-03-20 15:35:28',0),(116,2,4,10,-3,'2018-03-20 15:35:28','2018-03-20 15:35:28',0),(117,2,5,10,-3,'2018-03-20 15:35:28','2018-03-20 15:35:28',0),(118,2,1,11,3,'2018-03-20 15:35:28','2018-03-20 15:35:28',0),(119,2,2,11,3,'2018-03-20 15:35:28','2018-03-20 15:35:28',0),(120,2,3,11,3,'2018-03-20 15:35:28','2018-03-20 15:35:28',0),(121,2,1,12,3,'2018-03-20 15:35:28','2018-03-20 15:35:28',0),(122,2,3,12,3,'2018-03-20 15:35:28','2018-03-20 15:35:28',0),(123,2,2,12,3,'2018-03-20 15:35:28','2018-03-20 15:35:28',0),(124,2,4,12,-2,'2018-03-20 15:35:28','2018-03-20 15:35:28',0),(125,2,1,13,4,'2018-03-20 15:35:28','2018-03-20 15:35:28',0),(126,2,1,14,3,'2018-03-20 15:35:28','2018-03-20 15:35:28',0),(127,2,1,15,4,'2018-03-20 15:35:28','2018-03-20 15:35:28',0),(128,2,5,15,4,'2018-03-20 15:35:28','2018-03-20 15:35:28',0),(129,2,1,16,4,'2018-03-20 15:35:28','2018-03-20 15:35:28',0),(130,2,1,17,3,'2018-03-20 15:35:28','2018-03-20 15:35:28',0),(131,2,2,18,2,'2018-03-20 15:35:28','2018-03-20 15:35:28',0),(132,2,3,18,2,'2018-03-20 15:35:28','2018-03-20 15:35:28',0),(133,2,4,18,2,'2018-03-20 15:35:28','2018-03-20 15:35:28',0),(134,2,1,19,4,'2018-03-20 15:35:28','2018-03-20 15:35:28',0),(135,2,6,19,4,'2018-03-20 15:35:28','2018-03-20 15:35:28',0),(136,2,4,19,4,'2018-03-20 15:35:28','2018-03-20 15:35:28',0),(137,2,5,19,4,'2018-03-20 15:35:28','2018-03-20 15:35:28',0),(138,2,7,20,3,'2018-03-20 15:35:28','2018-03-20 15:35:28',0),(139,2,7,21,3,'2018-03-20 15:35:28','2018-03-20 15:35:28',0),(140,3,3,3,2,'2018-03-20 15:35:28','2018-03-20 15:35:28',0),(141,3,1,3,2,'2018-03-20 15:35:28','2018-03-20 15:35:28',0),(142,3,2,3,2,'2018-03-20 15:35:28','2018-03-20 15:35:28',0),(143,3,4,3,-4,'2018-03-20 15:35:28','2018-03-20 15:35:28',0),(144,3,5,3,-2,'2018-03-20 15:35:28','2018-03-20 15:35:28',0),(145,3,1,4,2,'2018-03-20 15:35:28','2018-03-20 15:35:28',0),(146,3,3,4,2,'2018-03-20 15:35:28','2018-03-20 15:35:28',0),(147,3,2,4,2,'2018-03-20 15:35:28','2018-03-20 15:35:28',0),(148,3,4,4,-1,'2018-03-20 15:35:28','2018-03-20 15:35:28',0),(149,3,5,4,-1,'2018-03-20 15:35:28','2018-03-20 15:35:28',0),(150,3,1,5,-1,'2018-03-20 15:35:28','2018-03-20 15:35:28',0),(151,3,3,5,2,'2018-03-20 15:35:28','2018-03-20 15:35:28',0),(152,3,2,5,2,'2018-03-20 15:35:28','2018-03-20 15:35:28',0),(153,3,4,5,-2,'2018-03-20 15:35:28','2018-03-20 15:35:28',0),(154,3,5,5,-2,'2018-03-20 15:35:28','2018-03-20 15:35:28',0),(155,3,1,6,3,'2018-03-20 15:35:28','2018-03-20 15:35:28',0),(156,3,3,6,3,'2018-03-20 15:35:28','2018-03-20 15:35:28',0),(157,3,2,6,3,'2018-03-20 15:35:28','2018-03-20 15:35:28',0),(158,3,4,6,1,'2018-03-20 15:35:28','2018-03-20 15:35:28',0),(159,3,5,6,1,'2018-03-20 15:35:28','2018-03-20 15:35:28',0),(160,3,1,7,-2,'2018-03-20 15:35:28','2018-03-20 15:35:28',0),(161,3,4,7,-2,'2018-03-20 15:35:28','2018-03-20 15:35:28',0),(162,3,5,7,-2,'2018-03-20 15:35:28','2018-03-20 15:35:28',0),(163,3,3,7,1,'2018-03-20 15:35:28','2018-03-20 15:35:28',0),(164,3,2,7,1,'2018-03-20 15:35:28','2018-03-20 15:35:28',0),(165,3,7,8,1,'2018-03-20 15:35:28','2018-03-20 15:35:28',0),(166,3,8,8,1,'2018-03-20 15:35:28','2018-03-20 15:35:28',0),(167,3,9,8,1,'2018-03-20 15:35:28','2018-03-20 15:35:28',0),(168,3,3,9,1,'2018-03-20 15:35:28','2018-03-20 15:35:28',0),(169,3,2,9,1,'2018-03-20 15:35:28','2018-03-20 15:35:28',0),(170,3,4,9,-3,'2018-03-20 15:35:28','2018-03-20 15:35:28',0),(171,3,5,9,-3,'2018-03-20 15:35:28','2018-03-20 15:35:28',0),(172,3,7,10,1,'2018-03-20 15:35:28','2018-03-20 15:35:28',0),(173,3,8,10,1,'2018-03-20 15:35:28','2018-03-20 15:35:28',0),(174,3,9,10,1,'2018-03-20 15:35:28','2018-03-20 15:35:28',0),(175,3,1,12,2,'2018-03-20 15:35:28','2018-03-20 15:35:28',0),(176,3,3,12,1,'2018-03-20 15:35:28','2018-03-20 15:35:28',0),(177,3,2,12,1,'2018-03-20 15:35:28','2018-03-20 15:35:28',0),(178,3,4,12,-1,'2018-03-20 15:35:28','2018-03-20 15:35:28',0),(179,3,1,13,2,'2018-03-20 15:35:28','2018-03-20 15:35:28',0),(180,3,1,14,2,'2018-03-20 15:35:28','2018-03-20 15:35:28',0),(181,3,1,22,2,'2018-03-20 15:35:28','2018-03-20 15:35:28',0),(182,3,1,15,1,'2018-03-20 15:35:28','2018-03-20 15:35:28',0),(183,3,5,15,1,'2018-03-20 15:35:28','2018-03-20 15:35:28',0),(184,3,7,18,1,'2018-03-20 15:35:28','2018-03-20 15:35:28',0),(185,3,8,18,1,'2018-03-20 15:35:28','2018-03-20 15:35:28',0),(186,3,9,18,1,'2018-03-20 15:35:28','2018-03-20 15:35:28',0),(187,4,1,4,3,'2018-03-20 15:35:28','2018-03-20 15:35:28',0),(188,4,3,4,3,'2018-03-20 15:35:28','2018-03-20 15:35:28',0),(189,4,2,4,3,'2018-03-20 15:35:28','2018-03-20 15:35:28',0),(190,4,5,4,3,'2018-03-20 15:35:28','2018-03-20 15:35:28',0),(191,4,4,4,1,'2018-03-20 15:35:28','2018-03-20 15:35:28',0),(192,4,1,5,3,'2018-03-20 15:35:28','2018-03-20 15:35:28',0),(193,4,3,5,3,'2018-03-20 15:35:28','2018-03-20 15:35:28',0),(194,4,2,5,3,'2018-03-20 15:35:28','2018-03-20 15:35:28',0),(195,4,4,5,2,'2018-03-20 15:35:28','2018-03-20 15:35:28',0),(196,4,5,5,2,'2018-03-20 15:35:28','2018-03-20 15:35:28',0),(197,4,1,6,3,'2018-03-20 15:35:28','2018-03-20 15:35:28',0),(198,4,2,6,2,'2018-03-20 15:35:28','2018-03-20 15:35:28',0),(199,4,3,6,2,'2018-03-20 15:35:28','2018-03-20 15:35:28',0),(200,4,4,6,1,'2018-03-20 15:35:28','2018-03-20 15:35:28',0),(201,4,10,6,1,'2018-03-20 15:35:28','2018-03-20 15:35:28',0),(202,4,1,7,2,'2018-03-20 15:35:28','2018-03-20 15:35:28',0),(203,4,3,7,3,'2018-03-20 15:35:28','2018-03-20 15:35:28',0),(204,4,2,7,3,'2018-03-20 15:35:28','2018-03-20 15:35:28',0),(205,4,4,7,-4,'2018-03-20 15:35:28','2018-03-20 15:35:28',0),(206,4,5,7,-3,'2018-03-20 15:35:28','2018-03-20 15:35:28',0),(207,4,1,8,1,'2018-03-20 15:35:28','2018-03-20 15:35:28',0),(208,4,3,8,2,'2018-03-20 15:35:28','2018-03-20 15:35:28',0),(209,4,2,8,2,'2018-03-20 15:35:28','2018-03-20 15:35:28',0),(210,4,4,8,-2,'2018-03-20 15:35:28','2018-03-20 15:35:28',0),(211,4,5,8,-2,'2018-03-20 15:35:28','2018-03-20 15:35:28',0),(212,4,1,9,2,'2018-03-20 15:35:28','2018-03-20 15:35:28',0),(213,4,2,9,2,'2018-03-20 15:35:28','2018-03-20 15:35:28',0),(214,4,3,9,2,'2018-03-20 15:35:28','2018-03-20 15:35:28',0),(215,4,4,9,-3,'2018-03-20 15:35:28','2018-03-20 15:35:28',0),(216,4,5,9,-3,'2018-03-20 15:35:28','2018-03-20 15:35:28',0),(217,4,1,10,2,'2018-03-20 15:35:28','2018-03-20 15:35:28',0),(218,4,2,10,2,'2018-03-20 15:35:28','2018-03-20 15:35:28',0),(219,4,3,10,2,'2018-03-20 15:35:28','2018-03-20 15:35:28',0),(220,4,4,10,-2,'2018-03-20 15:35:28','2018-03-20 15:35:28',0),(221,4,5,10,-2,'2018-03-20 15:35:28','2018-03-20 15:35:28',0),(222,4,1,11,3,'2018-03-20 15:35:28','2018-03-20 15:35:28',0),(223,4,2,11,3,'2018-03-20 15:35:28','2018-03-20 15:35:28',0),(224,4,3,11,3,'2018-03-20 15:35:28','2018-03-20 15:35:28',0),(225,4,1,12,3,'2018-03-20 15:35:28','2018-03-20 15:35:28',0),(226,4,3,12,2,'2018-03-20 15:35:28','2018-03-20 15:35:28',0),(227,4,2,12,2,'2018-03-20 15:35:28','2018-03-20 15:35:28',0),(228,4,4,12,1,'2018-03-20 15:35:28','2018-03-20 15:35:28',0),(229,4,1,13,3,'2018-03-20 15:35:28','2018-03-20 15:35:28',0),(230,4,1,14,2,'2018-03-20 15:35:28','2018-03-20 15:35:28',0),(231,4,1,22,2,'2018-03-20 15:35:28','2018-03-20 15:35:28',0),(232,4,1,15,2,'2018-03-20 15:35:28','2018-03-20 15:35:28',0),(233,4,5,15,2,'2018-03-20 15:35:28','2018-03-20 15:35:28',0),(234,4,7,18,2,'2018-03-20 15:35:28','2018-03-20 15:35:28',0),(235,4,8,18,2,'2018-03-20 15:35:28','2018-03-20 15:35:28',0),(236,4,9,18,2,'2018-03-20 15:35:28','2018-03-20 15:35:28',0),(237,4,1,19,3,'2018-03-20 15:35:28','2018-03-20 15:35:28',0),(238,4,6,19,3,'2018-03-20 15:35:28','2018-03-20 15:35:28',0),(239,4,4,19,3,'2018-03-20 15:35:28','2018-03-20 15:35:28',0),(240,4,5,19,3,'2018-03-20 15:35:28','2018-03-20 15:35:28',0),(241,4,7,21,2,'2018-03-20 15:35:28','2018-03-20 15:35:28',0),(242,4,7,20,3,'2018-03-20 15:35:28','2018-03-20 15:35:28',0),(243,5,1,5,2,'2018-03-20 15:35:28','2018-03-20 15:35:28',0),(244,5,3,5,2,'2018-03-20 15:35:28','2018-03-20 15:35:28',0),(245,5,2,5,2,'2018-03-20 15:35:28','2018-03-20 15:35:28',0),(246,5,4,5,-2,'2018-03-20 15:35:28','2018-03-20 15:35:28',0),(247,5,5,5,-2,'2018-03-20 15:35:28','2018-03-20 15:35:28',0),(248,5,7,6,2,'2018-03-20 15:35:28','2018-03-20 15:35:28',0),(249,5,8,6,2,'2018-03-20 15:35:28','2018-03-20 15:35:28',0),(250,5,9,6,2,'2018-03-20 15:35:28','2018-03-20 15:35:28',0),(251,5,4,7,-4,'2018-03-20 15:35:28','2018-03-20 15:35:28',0),(252,5,5,7,-4,'2018-03-20 15:35:28','2018-03-20 15:35:28',0),(253,5,1,7,-3,'2018-03-20 15:35:28','2018-03-20 15:35:28',0),(254,5,3,7,1,'2018-03-20 15:35:28','2018-03-20 15:35:28',0),(255,5,2,7,1,'2018-03-20 15:35:28','2018-03-20 15:35:28',0),(256,5,1,8,1,'2018-03-20 15:35:28','2018-03-20 15:35:28',0),(257,5,3,8,1,'2018-03-20 15:35:28','2018-03-20 15:35:28',0),(258,5,2,8,1,'2018-03-20 15:35:28','2018-03-20 15:35:28',0),(259,5,4,8,-2,'2018-03-20 15:35:28','2018-03-20 15:35:28',0),(260,5,5,8,-2,'2018-03-20 15:35:28','2018-03-20 15:35:28',0),(261,5,3,9,1,'2018-03-20 15:35:28','2018-03-20 15:35:28',0),(262,5,2,9,1,'2018-03-20 15:35:28','2018-03-20 15:35:28',0),(263,5,1,9,-2,'2018-03-20 15:35:28','2018-03-20 15:35:28',0),(264,5,4,9,-2,'2018-03-20 15:35:28','2018-03-20 15:35:28',0),(265,5,5,9,-2,'2018-03-20 15:35:28','2018-03-20 15:35:28',0),(266,5,1,10,2,'2018-03-20 15:35:28','2018-03-20 15:35:28',0),(267,5,2,10,2,'2018-03-20 15:35:28','2018-03-20 15:35:28',0),(268,5,3,10,2,'2018-03-20 15:35:28','2018-03-20 15:35:28',0),(269,5,4,10,-3,'2018-03-20 15:35:28','2018-03-20 15:35:28',0),(270,5,5,10,-3,'2018-03-20 15:35:28','2018-03-20 15:35:28',0),(271,5,1,12,2,'2018-03-20 15:35:28','2018-03-20 15:35:28',0),(272,5,3,12,2,'2018-03-20 15:35:28','2018-03-20 15:35:28',0),(273,5,2,12,2,'2018-03-20 15:35:28','2018-03-20 15:35:28',0),(274,5,4,12,-1,'2018-03-20 15:35:28','2018-03-20 15:35:28',0),(275,5,1,13,2,'2018-03-20 15:35:28','2018-03-20 15:35:28',0),(276,5,1,15,2,'2018-03-20 15:35:28','2018-03-20 15:35:28',0),(277,5,5,15,2,'2018-03-20 15:35:28','2018-03-20 15:35:28',0),(278,5,7,18,1,'2018-03-20 15:35:28','2018-03-20 15:35:28',0),(279,5,8,18,1,'2018-03-20 15:35:28','2018-03-20 15:35:28',0),(280,5,9,18,1,'2018-03-20 15:35:28','2018-03-20 15:35:28',0),(281,5,1,19,3,'2018-03-20 15:35:28','2018-03-20 15:35:28',0),(282,5,6,19,3,'2018-03-20 15:35:28','2018-03-20 15:35:28',0),(283,5,4,19,3,'2018-03-20 15:35:28','2018-03-20 15:35:28',0),(284,5,5,19,3,'2018-03-20 15:35:28','2018-03-20 15:35:28',0),(285,6,7,6,2,'2018-03-20 15:35:28','2018-03-20 15:35:28',0),(286,6,8,6,2,'2018-03-20 15:35:28','2018-03-20 15:35:28',0),(287,6,9,6,2,'2018-03-20 15:35:28','2018-03-20 15:35:28',0),(288,6,1,7,1,'2018-03-20 15:35:28','2018-03-20 15:35:28',0),(289,6,3,7,1,'2018-03-20 15:35:28','2018-03-20 15:35:28',0),(290,6,2,7,1,'2018-03-20 15:35:28','2018-03-20 15:35:28',0),(291,6,4,7,-1,'2018-03-20 15:35:28','2018-03-20 15:35:28',0),(292,6,5,7,-1,'2018-03-20 15:35:28','2018-03-20 15:35:28',0),(293,6,7,8,1,'2018-03-20 15:35:28','2018-03-20 15:35:28',0),(294,6,8,8,1,'2018-03-20 15:35:28','2018-03-20 15:35:28',0),(295,6,9,8,1,'2018-03-20 15:35:28','2018-03-20 15:35:28',0),(296,6,1,9,1,'2018-03-20 15:35:28','2018-03-20 15:35:28',0),(297,6,3,9,1,'2018-03-20 15:35:28','2018-03-20 15:35:28',0),(298,6,2,9,1,'2018-03-20 15:35:28','2018-03-20 15:35:28',0),(299,6,4,9,-1,'2018-03-20 15:35:28','2018-03-20 15:35:28',0),(300,6,5,9,-1,'2018-03-20 15:35:28','2018-03-20 15:35:28',0),(301,6,1,10,1,'2018-03-20 15:35:28','2018-03-20 15:35:28',0),(302,6,2,10,1,'2018-03-20 15:35:28','2018-03-20 15:35:28',0),(303,6,3,10,1,'2018-03-20 15:35:28','2018-03-20 15:35:28',0),(304,6,4,10,-1,'2018-03-20 15:35:28','2018-03-20 15:35:28',0),(305,6,5,10,-1,'2018-03-20 15:35:28','2018-03-20 15:35:28',0),(306,6,1,12,2,'2018-03-20 15:35:28','2018-03-20 15:35:28',0),(307,6,3,12,1,'2018-03-20 15:35:28','2018-03-20 15:35:28',0),(308,6,2,12,1,'2018-03-20 15:35:28','2018-03-20 15:35:28',0),(309,6,4,12,1,'2018-03-20 15:35:28','2018-03-20 15:35:28',0),(310,6,1,13,2,'2018-03-20 15:35:28','2018-03-20 15:35:28',0),(311,6,1,15,2,'2018-03-20 15:35:28','2018-03-20 15:35:28',0),(312,6,5,15,2,'2018-03-20 15:35:28','2018-03-20 15:35:28',0),(313,6,7,18,1,'2018-03-20 15:35:28','2018-03-20 15:35:28',0),(314,6,8,18,1,'2018-03-20 15:35:28','2018-03-20 15:35:28',0),(315,6,9,18,1,'2018-03-20 15:35:28','2018-03-20 15:35:28',0),(316,6,7,20,2,'2018-03-20 15:35:28','2018-03-20 15:35:28',0),(317,7,3,7,1,'2018-03-20 15:35:28','2018-03-20 15:35:28',0),(318,7,2,7,1,'2018-03-20 15:35:28','2018-03-20 15:35:28',0),(319,7,4,7,-1,'2018-03-20 15:35:28','2018-03-20 15:35:28',0),(320,7,5,7,-1,'2018-03-20 15:35:28','2018-03-20 15:35:28',0),(321,7,1,12,-2,'2018-03-20 15:35:28','2018-03-20 15:35:28',0),(322,7,4,12,-2,'2018-03-20 15:35:28','2018-03-20 15:35:28',0),(323,7,5,12,-2,'2018-03-20 15:35:28','2018-03-20 15:35:28',0),(324,7,3,12,1,'2018-03-20 15:35:28','2018-03-20 15:35:28',0),(325,7,2,12,1,'2018-03-20 15:35:28','2018-03-20 15:35:28',0),(326,7,1,15,-2,'2018-03-20 15:35:28','2018-03-20 15:35:28',0),(327,7,5,15,-2,'2018-03-20 15:35:28','2018-03-20 15:35:28',0),(328,7,1,18,-2,'2018-03-20 15:35:28','2018-03-20 15:35:28',0),(329,7,4,18,-2,'2018-03-20 15:35:28','2018-03-20 15:35:28',0),(330,8,1,15,-3,'2018-03-20 15:35:28','2018-03-20 15:35:28',0),(331,8,11,15,-3,'2018-03-20 15:35:28','2018-03-20 15:35:28',0),(332,9,1,15,-2,'2018-03-20 15:35:28','2018-03-20 15:35:28',0),(333,9,11,15,-2,'2018-03-20 15:35:28','2018-03-20 15:35:28',0),(334,9,12,15,-2,'2018-03-20 15:35:28','2018-03-20 15:35:28',0),(335,10,1,15,1,'2018-03-20 15:35:28','2018-03-20 15:35:28',0),(336,10,11,15,1,'2018-03-20 15:35:28','2018-03-20 15:35:28',0),(337,12,1,12,1,'2018-03-20 15:35:28','2018-03-20 15:35:28',0),(338,12,3,12,2,'2018-03-20 15:35:28','2018-03-20 15:35:28',0),(339,12,2,12,2,'2018-03-20 15:35:28','2018-03-20 15:35:28',0),(340,12,4,12,-2,'2018-03-20 15:35:28','2018-03-20 15:35:28',0),(341,12,5,12,2,'2018-03-20 15:35:28','2018-03-20 15:35:28',0),(342,12,1,16,4,'2018-03-20 15:35:28','2018-03-20 15:35:28',0),(343,12,1,17,3,'2018-03-20 15:35:28','2018-03-20 15:35:28',0),(344,12,2,18,2,'2018-03-20 15:35:28','2018-03-20 15:35:28',0),(345,12,3,18,2,'2018-03-20 15:35:28','2018-03-20 15:35:28',0),(346,12,4,18,2,'2018-03-20 15:35:28','2018-03-20 15:35:28',0),(347,12,6,19,3,'2018-03-20 15:35:28','2018-03-20 15:35:28',0),(348,12,4,19,3,'2018-03-20 15:35:28','2018-03-20 15:35:28',0),(349,12,5,19,3,'2018-03-20 15:35:28','2018-03-20 15:35:28',0),(350,12,13,19,3,'2018-03-20 15:35:28','2018-03-20 15:35:28',0),(351,12,7,20,3,'2018-03-20 15:35:28','2018-03-20 15:35:28',0),(352,15,13,19,3,'2018-03-20 15:35:28','2018-03-20 15:35:28',0),(353,15,6,19,3,'2018-03-20 15:35:28','2018-03-20 15:35:28',0),(354,15,4,19,3,'2018-03-20 15:35:28','2018-03-20 15:35:28',0),(355,15,5,19,3,'2018-03-20 15:35:28','2018-03-20 15:35:28',0),(356,15,1,23,2,'2018-03-20 15:35:28','2018-03-20 15:35:28',0);

/*Table structure for table `users` */

DROP TABLE IF EXISTS `users`;

CREATE TABLE `users` (
  `id` int(11) NOT NULL AUTO_INCREMENT,
  `gender` varchar(6) DEFAULT NULL,
  `first` varchar(64) DEFAULT NULL,
  `last` varchar(64) DEFAULT NULL,
  `email` varchar(128) DEFAULT NULL,
  `dob` datetime NOT NULL,
  `phone` varchar(64) DEFAULT NULL,
  `cell` varchar(64) DEFAULT NULL,
  `picture` varchar(128) DEFAULT NULL,
  `username` varchar(32) DEFAULT NULL,
  `postcode` varchar(32) DEFAULT NULL,
  `street` varchar(64) DEFAULT NULL,
  `city` varchar(32) DEFAULT NULL,
  `country` varchar(32) DEFAULT NULL,
  `password` varchar(64) DEFAULT NULL,
  `date_created` timestamp NULL DEFAULT NULL,
  `last_updated` timestamp NULL DEFAULT NULL,
  `version` tinyint(4) DEFAULT NULL,
  PRIMARY KEY (`id`)
) ENGINE=InnoDB AUTO_INCREMENT=554 DEFAULT CHARSET=latin1;

/*Data for the table `users` */

insert  into `users`(`id`,`gender`,`first`,`last`,`email`,`dob`,`phone`,`cell`,`picture`,`username`,`postcode`,`street`,`city`,`country`,`password`,`date_created`,`last_updated`,`version`) values (254,'female','lisa','king','lisa.king@example.com','1962-06-05 14:16:46','04-8533-2101','0460-733-040','https://randomuser.me/api/portraits/women/57.jpg','goldengorilla495','8580','5784 w pecan st','sunshine coast','AU','think','2018-03-20 16:23:17','2018-03-20 16:23:17',0),(255,'male','clifford','oliver','clifford.oliver@example.com','1956-05-13 19:32:30','(267)-189-0031','(323)-200-2444','https://randomuser.me/api/portraits/men/20.jpg','silverdog853','94322','6337 pockrus page rd','wichita falls','US','aikman','2018-03-20 16:23:17','2018-03-20 16:23:17',0),(256,'female','catherine','bishop','catherine.bishop@example.com','1986-05-09 13:18:30','051-036-7799','081-009-7764','https://randomuser.me/api/portraits/women/83.jpg','greenpanda223','37095','8811 albert road','portarlington','IE','banane','2018-03-20 16:23:17','2018-03-20 16:23:17',0),(257,'male','max','turner','max.turner@example.com','1980-04-13 05:49:10','(360)-936-7373','(985)-214-3110','https://randomuser.me/api/portraits/men/0.jpg','yellowkoala504','41089','8710 george street','timaru','NZ','sheep','2018-03-20 16:23:17','2018-03-20 16:23:17',0),(258,'male','siemen','van den toorn','siemen.vandentoorn@example.com','1975-05-24 06:16:45','(352)-487-7282','(946)-755-5560','https://randomuser.me/api/portraits/men/30.jpg','tinygorilla411','59364','3673 rubenslaan','rijssen-holten','NL','river','2018-03-20 16:23:18','2018-03-20 16:23:18',0),(259,'female','ella','karvonen','ella.karvonen@example.com','1990-06-09 19:07:54','05-587-837','043-163-06-15','https://randomuser.me/api/portraits/women/4.jpg','yellowswan170','60394','5924 mannerheimintie','lieto','FI','drive','2018-03-20 16:23:18','2018-03-20 16:23:18',0),(260,'female','lucy','rogers','lucy.rogers@example.com','1955-04-20 13:08:33','021-754-1604','081-758-3126','https://randomuser.me/api/portraits/women/46.jpg','bluegoose641','97851','1853 the crescent','athlone','IE','indians','2018-03-20 16:23:18','2018-03-20 16:23:18',0),(261,'female','aurore','rolland','aurore.rolland@example.com','1952-01-07 16:13:28','01-45-90-15-44','06-26-52-84-49','https://randomuser.me/api/portraits/women/47.jpg','organicelephant534','49657','9777 rue cyrus-hugues','nantes','FR','dingdong','2018-03-20 16:23:18','2018-03-20 16:23:18',0),(262,'female','natalie','reimann','natalie.reimann@example.com','1946-09-02 22:28:43','0651-8928985','0171-8735302','https://randomuser.me/api/portraits/women/70.jpg','greenbutterfly371','57345','6543 feldstraße','flensburg','DE','watford','2018-03-20 16:23:18','2018-03-20 16:23:18',0),(263,'male','mason','patel','mason.patel@example.com','1946-06-02 06:27:49','172-179-6300','002-104-6037','https://randomuser.me/api/portraits/men/75.jpg','beautifulwolf100','54721','3480 9th st','radisson','CA','tacobell','2018-03-20 16:23:19','2018-03-20 16:23:19',0),(264,'male','thomas','lam','thomas.lam@example.com','1966-09-12 23:11:49','509-091-5725','681-745-1002','https://randomuser.me/api/portraits/men/93.jpg','heavymouse197','66702','3197 3rd st','inverness','CA','deerhunt','2018-03-20 16:23:19','2018-03-20 16:23:19',0),(265,'female','jorie','davids','jorie.davids@example.com','1975-07-04 14:51:31','(304)-113-8017','(166)-793-1277','https://randomuser.me/api/portraits/women/27.jpg','orangepeacock328','30371','5280 wijde begijnestraat','veldhoven','NL','mullet','2018-03-20 16:23:19','2018-03-20 16:23:19',0),(266,'female','julie','lopez','julie.lopez@example.com','1951-01-25 04:38:35','03-65-64-74-88','06-26-35-05-49','https://randomuser.me/api/portraits/women/5.jpg','silverleopard327','40709','8862 rue de l\'abbé-patureau','courbevoie','FR','mentor','2018-03-20 16:23:19','2018-03-20 16:23:19',0),(267,'male','monir','klijnsma','monir.klijnsma@example.com','1963-09-07 05:42:30','(988)-815-9413','(652)-650-7183','https://randomuser.me/api/portraits/men/25.jpg','crazytiger184','26324','5339 zonstraat','aalsmeer','NL','ppppppp','2018-03-20 16:23:19','2018-03-20 16:23:19',0),(268,'female','graciane','pires','graciane.pires@example.com','1959-08-10 03:08:15','(22) 9629-6720','(59) 5450-9144','https://randomuser.me/api/portraits/women/16.jpg','orangeduck515','28581','8261 rua boa vista ','simões filho','BR','jeanne','2018-03-20 16:23:19','2018-03-20 16:23:19',0),(269,'female','cassandra','lemoine','cassandra.lemoine@example.com','1988-08-30 07:58:47','(429)-572-9285','(758)-746-2175','https://randomuser.me/api/portraits/women/0.jpg','heavyduck877','9021','7173 rue cyrus-hugues','thierrens','CH','silver','2018-03-20 16:23:20','2018-03-20 16:23:20',0),(270,'female','ambre','lucas','ambre.lucas@example.com','1964-07-27 13:19:52','(528)-908-0968','(410)-437-4955','https://randomuser.me/api/portraits/women/68.jpg','greenleopard676','3637','9497 rue de l\'abbé-soulange-bodin','les cullayes','CH','1995','2018-03-20 16:23:20','2018-03-20 16:23:20',0),(271,'male','????','????????','????.????????@example.com','1990-02-04 00:35:45','054-24222775','0948-598-7256','https://randomuser.me/api/portraits/men/23.jpg','blackladybug980','31760','8538 ????? ?????','????','IR','desert','2018-03-20 16:23:20','2018-03-20 16:23:20',0),(272,'female','carla','silva','carla.silva@example.com','1963-11-30 09:30:41','(391)-494-8668','(662)-903-4957','https://randomuser.me/api/portraits/women/63.jpg','blackgoose840','30329','9513 green rd','jersey city','US','rainbow1','2018-03-20 16:23:20','2018-03-20 16:23:20',0),(273,'female','luna','renaud','luna.renaud@example.com','1965-11-22 22:39:17','04-21-68-82-85','06-77-32-73-66','https://randomuser.me/api/portraits/women/7.jpg','heavycat853','21913','4487 rue andré-gide','brest','FR','spectrum','2018-03-20 16:23:20','2018-03-20 16:23:20',0),(274,'male','jacob','harrison','jacob.harrison@example.com','1953-10-22 00:54:10','(972)-468-9217','(228)-619-4867','https://randomuser.me/api/portraits/men/88.jpg','redswan176','29103','4796 homestead rd','chesapeake','US','&amp','2018-03-20 16:23:20','2018-03-20 16:23:20',0),(275,'male','vincent','zhang','vincent.zhang@example.com','1974-09-02 07:21:20','(783)-720-4378','(190)-286-2354','https://randomuser.me/api/portraits/men/2.jpg','smallbear349','16797','7516 mailer street','upper hutt','NZ','jellybea','2018-03-20 16:23:21','2018-03-20 16:23:21',0),(276,'female','lilja','saari','lilja.saari@example.com','1965-11-23 12:32:00','06-655-623','042-810-83-87','https://randomuser.me/api/portraits/women/55.jpg','orangekoala420','51076','5296 tehtaankatu','tuusula','FI','drummer','2018-03-20 16:23:21','2018-03-20 16:23:21',0),(277,'male','adriel','fernandes','adriel.fernandes@example.com','1955-09-28 22:40:37','(39) 6351-7075','(93) 5518-9274','https://randomuser.me/api/portraits/men/70.jpg','redfrog233','38411','1727 rua pará ','águas lindas de goiás','BR','something','2018-03-20 16:23:21','2018-03-20 16:23:21',0),(278,'male','diego','soler','diego.soler@example.com','1986-03-06 11:54:54','930-752-791','681-125-711','https://randomuser.me/api/portraits/men/79.jpg','yellowrabbit290','13600','4710 calle covadonga','barcelona','ES','julie','2018-03-20 16:23:21','2018-03-20 16:23:21',0),(279,'female','pearl','rodriguez','pearl.rodriguez@example.com','1948-11-15 07:52:18','08-2731-9052','0446-111-588','https://randomuser.me/api/portraits/women/95.jpg','beautifulgorilla713','5631','4824 w campbell ave','orange','AU','gang','2018-03-20 16:23:21','2018-03-20 16:23:21',0),(280,'male','vijay','wille','vijay.wille@example.com','1967-12-24 20:24:08','(237)-046-1527','(570)-656-4893','https://randomuser.me/api/portraits/men/8.jpg','blueostrich923','20335','1488 adriaen van ostadelaan','de wolden','NL','pistons','2018-03-20 16:23:21','2018-03-20 16:23:21',0),(281,'male','felix','gilbert','felix.gilbert@example.com','1949-11-16 01:57:44','05-0524-4703','0454-982-521','https://randomuser.me/api/portraits/men/37.jpg','smallbutterfly112','5301','668 w 6th st','port macquarie','AU','stress','2018-03-20 16:23:22','2018-03-20 16:23:22',0),(282,'female','eve','laurent','eve.laurent@example.com','1974-02-24 10:56:18','(071)-143-1429','(140)-927-6007','https://randomuser.me/api/portraits/women/37.jpg','tinygorilla902','6531','6028 rue dubois','monnaz','CH','infantry','2018-03-20 16:23:22','2018-03-20 16:23:22',0),(283,'female','margie','cox','margie.cox@example.com','1956-07-01 22:20:41','05-3805-9050','0453-980-877','https://randomuser.me/api/portraits/women/8.jpg','greenwolf217','882','855 robinson rd','mackay','AU','010203','2018-03-20 16:23:22','2018-03-20 16:23:22',0),(284,'female','renee','pierce','renee.pierce@example.com','1945-08-07 16:59:28','(184)-613-4819','(191)-889-0548','https://randomuser.me/api/portraits/women/67.jpg','lazyostrich852','40502','1765 robinson rd','torrance','US','fitness','2018-03-20 16:23:22','2018-03-20 16:23:22',0),(285,'male','rafael','bravo','rafael.bravo@example.com','1953-10-30 22:31:54','936-302-092','650-341-415','https://randomuser.me/api/portraits/men/13.jpg','redbear597','70803','1615 paseo de extremadura','santiago de compostela','ES','poopie','2018-03-20 16:23:22','2018-03-20 16:23:22',0),(286,'female','angélica','martins','angélica.martins@example.com','1982-04-22 03:32:24','(18) 0735-6454','(81) 9425-6579','https://randomuser.me/api/portraits/women/51.jpg','redfrog818','46844','4151 rua um','teresópolis','BR','1016','2018-03-20 16:23:22','2018-03-20 16:23:22',0),(287,'male','????????','?????','????????.?????@example.com','1953-10-20 21:16:39','069-53376024','0987-428-3169','https://randomuser.me/api/portraits/men/52.jpg','beautifulelephant405','76818','5501 ???? ??????','?????','IR','jeanette','2018-03-20 16:23:22','2018-03-20 16:23:22',0),(288,'male','joe','matthews','joe.matthews@example.com','1964-03-01 13:23:48','00-4883-0638','0479-622-970','https://randomuser.me/api/portraits/men/73.jpg','lazyelephant114','5028','7851 miller ave','dubbo','AU','ryan','2018-03-20 16:23:23','2018-03-20 16:23:23',0),(289,'female','danielle','fuller','danielle.fuller@example.com','1977-05-09 22:24:11','013873 02463','0735-819-697','https://randomuser.me/api/portraits/women/95.jpg','crazybird764','C48 9DW','6824 kingsway','salisbury','GB','mason','2018-03-20 16:23:23','2018-03-20 16:23:23',0),(290,'male','nathan','fleury','nathan.fleury@example.com','1952-12-18 17:02:27','(043)-620-8057','(032)-524-7552','https://randomuser.me/api/portraits/men/51.jpg','lazymeercat795','2677','1252 avenue de l\'abbé-roussel','assens','CH','family','2018-03-20 16:23:23','2018-03-20 16:23:23',0),(291,'male','valtteri','lampo','valtteri.lampo@example.com','1949-11-22 08:35:20','04-645-875','043-721-32-16','https://randomuser.me/api/portraits/men/48.jpg','greenlion956','15825','2275 esplanadi','rusko','FI','1120','2018-03-20 16:23:23','2018-03-20 16:23:23',0),(292,'male','kasper','wirta','kasper.wirta@example.com','1965-07-25 22:54:25','09-200-974','042-938-64-02','https://randomuser.me/api/portraits/men/38.jpg','blueswan721','80355','6450 hämeentie','isojoki','FI','cccccc','2018-03-20 16:23:23','2018-03-20 16:23:23',0),(293,'male','antoine','brown','antoine.brown@example.com','1958-09-17 05:26:20','828-049-3473','013-681-8155','https://randomuser.me/api/portraits/men/47.jpg','ticklishdog499','62355','9075 grand ave','trout lake','CA','hayabusa','2018-03-20 16:23:23','2018-03-20 16:23:23',0),(294,'male','zachary','dunn','zachary.dunn@example.com','1959-10-27 22:01:26','(126)-751-0279','(355)-177-0982','https://randomuser.me/api/portraits/men/30.jpg','greenpanda360','26809','9408 eason rd','van alstyne','US','wildfire','2018-03-20 16:23:24','2018-03-20 16:23:24',0),(295,'male','célestin','mercier','célestin.mercier@example.com','1977-10-26 00:37:29','05-92-81-79-96','06-74-11-15-16','https://randomuser.me/api/portraits/men/47.jpg','beautifulfrog717','63333','5821 rue gasparin','aubervilliers','FR','daisy','2018-03-20 16:23:24','2018-03-20 16:23:24',0),(296,'female','victoria','hernandez','victoria.hernandez@example.com','1962-08-16 19:02:10','988-903-272','630-716-053','https://randomuser.me/api/portraits/women/78.jpg','bluecat489','64765','9661 calle de ferraz','pontevedra','ES','charity','2018-03-20 16:23:24','2018-03-20 16:23:24',0),(297,'male','mustafa','tekand','mustafa.tekand@example.com','1992-02-07 00:44:58','(985)-296-4062','(861)-731-4178','https://randomuser.me/api/portraits/men/60.jpg','whitefrog930','96628','3484 doktorlar cd','?stanbul','TR','143143','2018-03-20 16:23:24','2018-03-20 16:23:24',0),(298,'female','erin','ruiz','erin.ruiz@example.com','1990-09-03 18:25:41','013873 37474','0751-042-577','https://randomuser.me/api/portraits/women/18.jpg','whiteduck702','KV7V 7YQ','4392 station road','wakefield','GB','elwood','2018-03-20 16:23:24','2018-03-20 16:23:24',0),(299,'female','silvia','blanco','silvia.blanco@example.com','1991-11-26 18:26:39','976-335-288','695-360-140','https://randomuser.me/api/portraits/women/56.jpg','smalltiger658','73142','7731 avenida del planetario','palma de mallorca','ES','beastie','2018-03-20 16:23:24','2018-03-20 16:23:24',0),(300,'female','blanca','peña','blanca.peña@example.com','1986-04-24 20:49:40','967-562-781','659-210-067','https://randomuser.me/api/portraits/women/40.jpg','organicsnake342','92122','4379 ronda de toledo','fuenlabrada','ES','moscow','2018-03-20 16:23:24','2018-03-20 16:23:24',0),(301,'female','alexis','evans','alexis.evans@example.com','1969-09-21 06:35:21','(166)-456-6175','(817)-746-4034','https://randomuser.me/api/portraits/women/90.jpg','redbutterfly270','13159','9201 taieri road','dunedin','NZ','cubs','2018-03-20 16:23:25','2018-03-20 16:23:25',0),(302,'male','william','ma','william.ma@example.com','1944-09-28 22:10:58','032-042-7298','713-322-6006','https://randomuser.me/api/portraits/men/8.jpg','crazyladybug264','72129','3354 simcoe st','enterprise','CA','blow','2018-03-20 16:23:25','2018-03-20 16:23:25',0),(303,'female','brooklyn','myers','brooklyn.myers@example.com','1991-03-31 18:10:46','(815)-293-6022','(286)-600-7322','https://randomuser.me/api/portraits/women/95.jpg','ticklishladybug441','12312','2824 preston rd','las cruces','US','volley','2018-03-20 16:23:25','2018-03-20 16:23:25',0),(304,'male','jos','boogaard','jos.boogaard@example.com','1952-12-30 03:03:04','(015)-681-1920','(122)-484-7869','https://randomuser.me/api/portraits/men/25.jpg','organicmeercat621','39931','6234 wittevrouwenstraat','beesel','NL','galeries','2018-03-20 16:23:25','2018-03-20 16:23:25',0),(305,'female','jeanne','taylor','jeanne.taylor@example.com','1950-06-28 09:14:27','200-187-5961','010-175-5599','https://randomuser.me/api/portraits/women/71.jpg','heavybear123','16999','3311 elgin st','souris','CA','maxxxx','2018-03-20 16:23:25','2018-03-20 16:23:25',0),(306,'male','armand','simon','armand.simon@example.com','1979-02-03 20:23:02','04-75-40-00-97','06-25-58-57-84','https://randomuser.me/api/portraits/men/94.jpg','tinypanda864','43754','4060 rue de l\'abbé-patureau','boulogne-billancourt','FR','lonestar','2018-03-20 16:23:25','2018-03-20 16:23:25',0),(307,'female','ömür','keçeci','ömür.keçeci@example.com','1981-07-12 05:15:25','(519)-322-4212','(629)-070-1035','https://randomuser.me/api/portraits/women/59.jpg','organicgoose760','87219','5957 fatih sultan mehmet cd','zonguldak','TR','emma','2018-03-20 16:23:25','2018-03-20 16:23:25',0),(308,'male','benjamin','madsen','benjamin.madsen@example.com','1947-10-17 10:20:52','54928094','89996524','https://randomuser.me/api/portraits/men/84.jpg','heavytiger226','56013','5078 søndertoften','ryslinge','DK','explore','2018-03-20 16:23:26','2018-03-20 16:23:26',0),(309,'male','bianor','caldeira','bianor.caldeira@example.com','1973-07-24 11:58:40','(43) 9197-2666','(75) 5637-6403','https://randomuser.me/api/portraits/men/32.jpg','tinylion721','65951','5970 rua são pedro ','corumbá','BR','1950','2018-03-20 16:23:26','2018-03-20 16:23:26',0),(310,'male','william','bernard','william.bernard@example.com','1964-08-16 17:37:17','01-78-88-78-79','06-22-70-59-87','https://randomuser.me/api/portraits/men/98.jpg','beautifulsnake841','44760','9016 place du 8 février 1962','champigny-sur-marne','FR','wildone','2018-03-20 16:23:26','2018-03-20 16:23:26',0),(311,'female','ömür','ayverdi','ömür.ayverdi@example.com','1992-08-08 16:31:58','(545)-430-2958','(264)-292-2421','https://randomuser.me/api/portraits/women/33.jpg','purplegoose945','93690','6439 vatan cd','çorum','TR','1015','2018-03-20 16:23:26','2018-03-20 16:23:26',0),(312,'male','samuel','calvo','samuel.calvo@example.com','1959-01-16 00:45:57','984-823-397','655-817-046','https://randomuser.me/api/portraits/men/28.jpg','lazykoala116','34418','4015 calle de bravo murillo','pamplona','ES','bp2002','2018-03-20 16:23:26','2018-03-20 16:23:26',0),(313,'male','kerim','özdo?an','kerim.özdo?an@example.com','1968-03-12 01:19:09','(268)-845-6574','(225)-808-9959','https://randomuser.me/api/portraits/men/28.jpg','greenduck672','84805','8817 anafartalar cd','bitlis','TR','manager','2018-03-20 16:23:27','2018-03-20 16:23:27',0),(314,'female','misty','woods','misty.woods@example.com','1967-09-16 07:22:54','04-3275-9991','0458-526-843','https://randomuser.me/api/portraits/women/96.jpg','brownpeacock815','7244','2465 e center st','darwin','AU','joanne','2018-03-20 16:23:27','2018-03-20 16:23:27',0),(315,'male','jeremy','groß','jeremy.groß@example.com','1990-11-13 15:57:01','0217-9336958','0176-3694224','https://randomuser.me/api/portraits/men/46.jpg','purpleswan932','37776','3733 mühlenweg','barnim','DE','flint','2018-03-20 16:23:27','2018-03-20 16:23:27',0),(316,'male','ben','wagner','ben.wagner@example.com','1967-12-11 16:48:46','01-5186-0491','0480-670-497','https://randomuser.me/api/portraits/men/62.jpg','tinyswan845','3674','5108 thornridge cir','townsville','AU','thailand','2018-03-20 16:23:27','2018-03-20 16:23:27',0),(317,'female','olímpia','castro','olímpia.castro@example.com','1969-07-04 08:09:22','(08) 2811-5041','(00) 8783-8624','https://randomuser.me/api/portraits/women/80.jpg','tinyfrog528','38192','1985 rua principal','guaratinguetá','BR','chef','2018-03-20 16:23:27','2018-03-20 16:23:27',0),(318,'male','kent','lawson','kent.lawson@example.com','1957-05-19 11:29:56','(589)-742-2595','(226)-834-0554','https://randomuser.me/api/portraits/men/21.jpg','lazyostrich409','88470','5616 e sandy lake rd','cedar rapids','US','molly','2018-03-20 16:23:27','2018-03-20 16:23:27',0),(319,'male','george','newman','george.newman@example.com','1976-08-04 06:55:49','031-979-5123','081-626-6757','https://randomuser.me/api/portraits/men/19.jpg','organicleopard869','93738','7533 alexander road','castlebar','IE','rain','2018-03-20 16:23:27','2018-03-20 16:23:27',0),(320,'male','léonard','adam','léonard.adam@example.com','1979-10-01 13:10:59','02-68-29-19-00','06-02-72-71-65','https://randomuser.me/api/portraits/men/9.jpg','browntiger903','10211','6562 rue bony','villeurbanne','FR','pian','2018-03-20 16:23:28','2018-03-20 16:23:28',0),(321,'female','sara','petit','sara.petit@example.com','1989-02-02 07:31:40','03-66-54-40-00','06-13-93-09-47','https://randomuser.me/api/portraits/women/90.jpg','brownkoala597','22055','4549 rue des cuirassiers','créteil','FR','jabroni','2018-03-20 16:23:28','2018-03-20 16:23:28',0),(322,'female','ninon','lucas','ninon.lucas@example.com','1957-04-29 19:22:47','(503)-803-4879','(035)-930-0439','https://randomuser.me/api/portraits/women/53.jpg','blacklion910','4473','7544 rue laure-diebold','vucherens','CH','darrell','2018-03-20 16:23:28','2018-03-20 16:23:28',0),(323,'female','????','????? ???','????.????????@example.com','1968-12-06 05:48:31','086-25696719','0992-953-4461','https://randomuser.me/api/portraits/women/81.jpg','biggoose585','87383','4177 ??????','?????','IR','11112222','2018-03-20 16:23:28','2018-03-20 16:23:28',0),(324,'male','cornelius','wahl','cornelius.wahl@example.com','1974-06-18 13:19:52','0344-5722608','0171-2161646','https://randomuser.me/api/portraits/men/68.jpg','yellowcat523','87627','1637 lindenweg','recklinghausen','DE','rick','2018-03-20 16:23:28','2018-03-20 16:23:28',0),(325,'female','ariane','singh','ariane.singh@example.com','1995-01-05 15:39:52','099-208-3742','780-498-5453','https://randomuser.me/api/portraits/women/92.jpg','browngorilla720','56346','8039 dufferin st','campbellton','CA','sassy','2018-03-20 16:23:28','2018-03-20 16:23:28',0),(326,'female','martha','franklin','martha.franklin@example.com','1969-02-16 11:59:52','031-174-0187','081-602-6202','https://randomuser.me/api/portraits/women/22.jpg','crazyostrich652','15808','4394 springfield road','nenagh','IE','buster1','2018-03-20 16:23:29','2018-03-20 16:23:29',0),(327,'male','benjamin','robinson','benjamin.robinson@example.com','1954-01-27 19:30:07','(645)-134-2873','(883)-243-7662','https://randomuser.me/api/portraits/men/71.jpg','whiteduck388','47887','1245 prebensen drive','wellington','NZ','clutch','2018-03-20 16:23:29','2018-03-20 16:23:29',0),(328,'female','emilie','lavigne','emilie.lavigne@example.com','1990-10-15 04:25:33','603-991-5994','889-714-0003','https://randomuser.me/api/portraits/women/0.jpg','crazyswan255','60815','5675 balmoral st','grand falls','CA','pajero','2018-03-20 16:23:29','2018-03-20 16:23:29',0),(329,'female','juliette','novak','juliette.novak@example.com','1954-09-23 15:27:52','039-314-8987','526-215-4509','https://randomuser.me/api/portraits/women/30.jpg','beautifulbird220','43830','8220 pine rd','clinton','CA','lesley','2018-03-20 16:23:29','2018-03-20 16:23:29',0),(330,'female','josefa','torres','josefa.torres@example.com','1968-12-10 04:32:09','906-187-643','606-797-810','https://randomuser.me/api/portraits/women/2.jpg','silverpanda766','81592','5247 avenida del planetario','torrevieja','ES','utopia','2018-03-20 16:23:30','2018-03-20 16:23:30',0),(331,'female','samantha','kumar','samantha.kumar@example.com','1973-07-15 02:34:55','(679)-798-2668','(334)-026-3697','https://randomuser.me/api/portraits/women/83.jpg','redduck392','49615','3817 trafalgar street','blenheim','NZ','tyler1','2018-03-20 16:23:31','2018-03-20 16:23:31',0),(332,'female','ronja','sakala','ronja.sakala@example.com','1956-05-04 09:39:39','09-461-665','044-601-29-89','https://randomuser.me/api/portraits/women/44.jpg','lazymeercat177','70450','6874 otavalankatu','pyhäjoki','FI','alfred','2018-03-20 16:23:31','2018-03-20 16:23:31',0),(333,'female','airumã','ribeiro','airumã.ribeiro@example.com','1987-05-20 11:42:47','(45) 4158-3076','(60) 5228-3345','https://randomuser.me/api/portraits/women/10.jpg','bigfrog856','63061','7889 rua são paulo ','apucarana','BR','meghan','2018-03-20 16:23:31','2018-03-20 16:23:31',0),(334,'female','melissa','busch','melissa.busch@example.com','1965-10-14 06:37:52','0968-9868215','0177-6751657','https://randomuser.me/api/portraits/women/49.jpg','brownfrog645','42356','7597 tannenweg','neu-ulm','DE','chester1','2018-03-20 16:23:31','2018-03-20 16:23:31',0),(335,'male','fin','duim','fin.duim@example.com','1979-07-18 07:23:13','(821)-132-8494','(325)-932-5325','https://randomuser.me/api/portraits/men/98.jpg','silverrabbit722','10676','5802 vredenburg','nissewaard','NL','bowman','2018-03-20 16:23:31','2018-03-20 16:23:31',0),(336,'female','buse','hamzao?lu','buse.hamzao?lu@example.com','1953-07-20 21:29:59','(495)-657-3215','(317)-938-4849','https://randomuser.me/api/portraits/women/21.jpg','silverladybug926','56132','6553 istiklal cd','tekirda?','TR','angelina','2018-03-20 16:23:31','2018-03-20 16:23:31',0),(337,'female','lois','shaw','lois.shaw@example.com','1946-09-21 09:26:44','07-1071-7854','0489-109-190','https://randomuser.me/api/portraits/women/60.jpg','orangekoala526','209','9717 rolling green rd','sunshine coast','AU','bears','2018-03-20 16:23:32','2018-03-20 16:23:32',0),(338,'male','mitchell','stanley','mitchell.stanley@example.com','1990-06-27 09:24:31','(049)-229-0647','(208)-432-0642','https://randomuser.me/api/portraits/men/50.jpg','smallostrich493','63118','8074 james st','odessa','US','pearson','2018-03-20 16:23:32','2018-03-20 16:23:32',0),(339,'male','jordi','rubio','jordi.rubio@example.com','1985-06-05 08:07:53','957-173-702','693-617-682','https://randomuser.me/api/portraits/men/88.jpg','greenpeacock321','47249','1207 avenida de américa','valencia','ES','armada','2018-03-20 16:23:32','2018-03-20 16:23:32',0),(340,'female','camille','guillaume','camille.guillaume@example.com','1985-09-20 19:43:34','(758)-768-7011','(435)-129-8559','https://randomuser.me/api/portraits/women/65.jpg','organicgoose792','3394','3986 avenue debourg','vulliens','CH','iiiiiiii','2018-03-20 16:23:32','2018-03-20 16:23:32',0),(341,'female','mary','riley','mary.riley@example.com','1975-01-17 22:26:44','016977 1148','0736-670-798','https://randomuser.me/api/portraits/women/84.jpg','tinygoose506','VJ56 6RB','1023 alexander road','londonderry','GB','chui','2018-03-20 16:23:32','2018-03-20 16:23:32',0),(342,'male','logan','abraham','logan.abraham@example.com','1974-09-05 15:00:52','610-441-9698','546-169-9699','https://randomuser.me/api/portraits/men/42.jpg','yellowbird961','30809','4972 dufferin st','hampton','CA','virginie','2018-03-20 16:23:33','2018-03-20 16:23:33',0),(343,'male','????????','?????','????????.?????@example.com','1955-01-31 13:23:18','019-34721702','0937-200-7166','https://randomuser.me/api/portraits/men/23.jpg','orangebear168','96428','6376 ???? ???? ???','?????','IR','body','2018-03-20 16:23:33','2018-03-20 16:23:33',0),(344,'female','quísnia','aragão','quísnia.aragão@example.com','1946-01-28 00:01:44','(32) 5232-5052','(50) 4633-2431','https://randomuser.me/api/portraits/women/87.jpg','orangeladybug130','95389','5611 rua santos dumont ','mesquita','BR','deadman','2018-03-20 16:23:33','2018-03-20 16:23:33',0),(345,'female','clarissa','pohl','clarissa.pohl@example.com','1981-04-01 01:00:40','0612-8049635','0176-8277120','https://randomuser.me/api/portraits/women/46.jpg','crazyduck398','58112','1894 am sportplatz','würzburg','DE','selena','2018-03-20 16:23:33','2018-03-20 16:23:33',0),(346,'female','emma','waisanen','emma.waisanen@example.com','1974-08-02 03:15:03','04-477-102','047-985-68-12','https://randomuser.me/api/portraits/women/52.jpg','orangemouse986','21038','1805 korkeavuorenkatu','aura','FI','beavis','2018-03-20 16:23:33','2018-03-20 16:23:33',0),(347,'male','absalão','rocha','absalão.rocha@example.com','1971-07-23 17:32:30','(42) 0884-5953','(96) 6180-6190','https://randomuser.me/api/portraits/men/0.jpg','ticklishdog496','82457','5502 rua dois','boa vista','BR','ping','2018-03-20 16:23:33','2018-03-20 16:23:33',0),(348,'female','mia','olson','mia.olson@example.com','1958-09-26 03:51:45','017687 75792','0722-106-826','https://randomuser.me/api/portraits/women/57.jpg','orangeladybug627','G6V 9AG','9069 the green','newry','GB','eyes','2018-03-20 16:23:34','2018-03-20 16:23:34',0),(349,'female','selma','christensen','selma.christensen@example.com','1952-10-07 13:14:00','83126205','55287565','https://randomuser.me/api/portraits/women/44.jpg','blueelephant707','78017','5783 rørsangervej','aalborg s.ø.','DK','chipmunk','2018-03-20 16:23:34','2018-03-20 16:23:34',0),(350,'male','owen','bourgeois','owen.bourgeois@example.com','1957-02-04 06:28:41','05-77-50-46-99','06-49-13-99-75','https://randomuser.me/api/portraits/men/25.jpg','blackfrog354','27627','6200 rue andré-gide','dijon','FR','thursday','2018-03-20 16:23:34','2018-03-20 16:23:34',0),(351,'male','nikolas','witt','nikolas.witt@example.com','1952-10-04 09:37:40','0419-8932462','0175-7850701','https://randomuser.me/api/portraits/men/59.jpg','lazyfrog194','17902','9020 burgstraße','breisgau-hochschwarzwald','DE','christi','2018-03-20 16:23:34','2018-03-20 16:23:34',0),(352,'male','teodemiro','rocha','teodemiro.rocha@example.com','1952-04-04 16:10:58','(41) 1616-5361','(99) 7765-9765','https://randomuser.me/api/portraits/men/8.jpg','silvermouse464','19399','2474 rua primeiro de maio ','franco da rocha','BR','1982','2018-03-20 16:23:34','2018-03-20 16:23:34',0),(353,'female','heather','pearson','heather.pearson@example.com','1958-08-07 10:26:30','061-118-6378','081-734-8514','https://randomuser.me/api/portraits/women/79.jpg','blackgorilla488','71412','3048 rookery road','letterkenny','IE','limewire','2018-03-20 16:23:34','2018-03-20 16:23:34',0),(354,'male','brent','morris','brent.morris@example.com','1990-12-20 04:30:08','017683 68367','0739-399-791','https://randomuser.me/api/portraits/men/24.jpg','organicostrich905','SG65 7BH','3087 north street','preston','GB','highheel','2018-03-20 16:24:09','2018-03-20 16:24:09',0),(355,'male','terry','beck','terry.beck@example.com','1973-07-08 01:55:49','(034)-571-9662','(564)-846-7209','https://randomuser.me/api/portraits/men/18.jpg','blueladybug278','39475','1300 w campbell ave','mesa','US','searay','2018-03-20 16:24:09','2018-03-20 16:24:09',0),(356,'female','yasemin','erez','yasemin.erez@example.com','1994-11-13 19:00:08','(644)-667-8992','(367)-501-7649','https://randomuser.me/api/portraits/women/86.jpg','greenpanda140','98484','5934 ?ehitler cd','gümü?hane','TR','a1234567','2018-03-20 16:24:09','2018-03-20 16:24:09',0),(357,'male','esat','paksüt','esat.paksüt@example.com','1958-06-09 03:30:06','(362)-638-9616','(599)-534-1857','https://randomuser.me/api/portraits/men/12.jpg','organicduck212','98917','3535 vatan cd','çank?r?','TR','freckles','2018-03-20 16:24:10','2018-03-20 16:24:10',0),(358,'female','camila','simmmons','camila.simmmons@example.com','1952-11-27 13:17:59','01-1379-3130','0452-853-664','https://randomuser.me/api/portraits/women/89.jpg','beautifulbird462','5209','9340 w dallas st','hervey bay','AU','talon','2018-03-20 16:24:10','2018-03-20 16:24:10',0),(359,'female','patricia','vargas','patricia.vargas@example.com','1981-05-01 23:14:35','931-744-637','685-915-675','https://randomuser.me/api/portraits/women/80.jpg','bigswan710','97589','6727 calle de alberto aguilera','gandía','ES','veronika','2018-03-20 16:24:10','2018-03-20 16:24:10',0),(360,'male','william','graham','william.graham@example.com','1947-05-19 05:03:58','08-4643-1900','0447-768-633','https://randomuser.me/api/portraits/men/34.jpg','heavygorilla404','7552','269 oak ridge ln','bunbury','AU','jackie','2018-03-20 16:24:10','2018-03-20 16:24:10',0),(361,'male','???????','???????','???????.???????@example.com','1958-01-19 12:28:04','084-13382677','0934-709-8485','https://randomuser.me/api/portraits/men/40.jpg','blackrabbit429','86473','7841 ????? ?????','???','IR','nudes','2018-03-20 16:24:10','2018-03-20 16:24:10',0),(362,'female','????','?????','????.?????@example.com','1955-09-06 10:32:49','057-61083711','0977-007-5587','https://randomuser.me/api/portraits/women/4.jpg','goldenbutterfly348','27454','3728 ???? ?????? ???','?????????','IR','gene','2018-03-20 16:24:10','2018-03-20 16:24:10',0),(363,'female','janice','howard','janice.howard@example.com','1977-10-24 03:12:57','00-3504-1394','0420-884-942','https://randomuser.me/api/portraits/women/76.jpg','heavylion124','545','7294 groveland terrace','albury','AU','selena','2018-03-20 16:24:11','2018-03-20 16:24:11',0),(364,'female','garance','michel','garance.michel@example.com','1976-11-08 17:23:35','05-13-63-99-31','06-52-70-71-51','https://randomuser.me/api/portraits/women/68.jpg','crazyostrich353','68767','4753 rue jean-baldassini','versailles','FR','eleanor','2018-03-20 16:24:11','2018-03-20 16:24:11',0),(365,'female','séléna','joly','séléna.joly@example.com','1976-04-28 21:45:13','(878)-675-0079','(832)-161-2895','https://randomuser.me/api/portraits/women/55.jpg','greenbear899','6118','9844 avenue du château','cully','CH','rasputin','2018-03-20 16:24:11','2018-03-20 16:24:11',0),(366,'male','nino','dumont','nino.dumont@example.com','1947-08-14 02:02:41','01-39-87-38-12','06-49-30-10-16','https://randomuser.me/api/portraits/men/27.jpg','purplegoose581','10652','7854 rue barrème','avignon','FR','marino13','2018-03-20 16:24:11','2018-03-20 16:24:11',0),(367,'female','julia','kowalski','julia.kowalski@example.com','1973-11-15 00:50:29','805-322-9451','988-957-3289','https://randomuser.me/api/portraits/women/68.jpg','bluefish506','12266','3093 balmoral st','deer lake','CA','qwaszx','2018-03-20 16:24:11','2018-03-20 16:24:11',0),(368,'female','rebecca','horton','rebecca.horton@example.com','1985-10-13 07:33:24','041-128-4904','081-827-2459','https://randomuser.me/api/portraits/women/21.jpg','tinypanda280','87192','6268 alexander road','athenry','IE','seng','2018-03-20 16:24:12','2018-03-20 16:24:12',0),(369,'male','joona','remes','joona.remes@example.com','1964-06-03 15:26:35','05-116-063','042-548-07-01','https://randomuser.me/api/portraits/men/84.jpg','tinypanda367','48459','7486 pyynikintie','masku','FI','uuuuuu','2018-03-20 16:24:12','2018-03-20 16:24:12',0),(370,'male','eemil','jarvi','eemil.jarvi@example.com','1968-01-30 17:01:03','06-089-508','049-781-68-24','https://randomuser.me/api/portraits/men/26.jpg','heavytiger693','93904','1094 rotuaari','siikalatva','FI','winger','2018-03-20 16:24:12','2018-03-20 16:24:12',0),(371,'male','????','?????','????.?????@example.com','1972-01-28 13:30:13','083-46327634','0993-020-7991','https://randomuser.me/api/portraits/men/90.jpg','goldenmeercat563','49876','4639 ????','???','IR','star69','2018-03-20 16:24:12','2018-03-20 16:24:12',0),(372,'female','cerilânia','silveira','cerilânia.silveira@example.com','1953-09-11 23:34:39','(65) 5811-6583','(27) 8838-7075','https://randomuser.me/api/portraits/women/80.jpg','bigelephant242','72901','2936 rua joão xxiii','palhoça','BR','sonia','2018-03-20 16:24:12','2018-03-20 16:24:12',0),(373,'female','ellen','turner','ellen.turner@example.com','1970-03-16 21:50:22','061-681-6149','081-613-4521','https://randomuser.me/api/portraits/women/25.jpg','greenbutterfly627','48399','3340 the drive','letterkenny','IE','blaze','2018-03-20 16:24:12','2018-03-20 16:24:12',0),(374,'male','levi','aragão','levi.aragão@example.com','1953-11-10 23:46:55','(90) 3845-1536','(38) 4804-0114','https://randomuser.me/api/portraits/men/12.jpg','yellowcat361','62163','4729 rua dezessete ','viamão','BR','mattie','2018-03-20 16:24:13','2018-03-20 16:24:13',0),(375,'male','aapo','tuominen','aapo.tuominen@example.com','1960-11-24 22:16:24','08-335-274','046-175-42-31','https://randomuser.me/api/portraits/men/13.jpg','tinyswan496','51769','7554 reijolankatu','lapua','FI','tarzan','2018-03-20 16:24:13','2018-03-20 16:24:13',0),(376,'male','elliot','margaret','elliot.margaret@example.com','1950-01-04 01:09:50','098-521-4334','350-233-6977','https://randomuser.me/api/portraits/men/53.jpg','biglion994','85468','6994 duke st','chatham','CA','hand','2018-03-20 16:24:13','2018-03-20 16:24:13',0),(377,'female','????','?????? ????','????.??????????@example.com','1952-09-23 14:18:20','051-69438112','0982-093-3752','https://randomuser.me/api/portraits/women/11.jpg','lazylion865','84755','5088 ????? ?????','????????','IR','doobie','2018-03-20 16:24:13','2018-03-20 16:24:13',0),(378,'female','lucile','berger','lucile.berger@example.com','1995-01-19 14:29:42','(611)-782-8679','(910)-061-5182','https://randomuser.me/api/portraits/women/20.jpg','lazywolf535','3037','7707 avenue des ternes','cheseaux-sur-lausanne','CH','mohammed','2018-03-20 16:24:13','2018-03-20 16:24:13',0),(379,'male','ronald','mcguinness','ronald.mcguinness@example.com','1985-02-22 21:27:22','021-794-0021','081-555-6214','https://randomuser.me/api/portraits/men/1.jpg','heavydog424','23266','8546 main street','clane','IE','beast1','2018-03-20 16:24:14','2018-03-20 16:24:14',0),(380,'female','antonette','broeders','antonette.broeders@example.com','1961-10-11 04:20:13','(715)-373-8338','(039)-829-2636','https://randomuser.me/api/portraits/women/5.jpg','ticklishlion340','11383','5127 croeselaan','barneveld','NL','titanium','2018-03-20 16:24:14','2018-03-20 16:24:14',0),(381,'male','nihal','sözeri','nihal.sözeri@example.com','1995-01-01 08:51:41','(167)-254-9362','(955)-054-7682','https://randomuser.me/api/portraits/men/50.jpg','beautifulduck909','54898','3108 vatan cd','bal?kesir','TR','fullmoon','2018-03-20 16:24:14','2018-03-20 16:24:14',0),(382,'male','alexander','denys','alexander.denys@example.com','1967-09-08 17:17:43','308-386-9892','910-496-4115','https://randomuser.me/api/portraits/men/10.jpg','lazyelephant991','70721','1947 west ave','new glasgow','CA','mick','2018-03-20 16:24:14','2018-03-20 16:24:14',0),(383,'female','kenzi','soto','kenzi.soto@example.com','1978-06-07 13:13:06','(979)-466-1522','(170)-228-5458','https://randomuser.me/api/portraits/women/66.jpg','silverfish524','48600','5231 pecan acres ln','boise','US','mega','2018-03-20 16:24:14','2018-03-20 16:24:14',0),(384,'female','olivia','leino','olivia.leino@example.com','1947-11-16 12:03:31','09-690-097','049-620-30-69','https://randomuser.me/api/portraits/women/69.jpg','smallcat299','64018','7645 hämeenkatu','alavieska','FI','tricia','2018-03-20 16:24:14','2018-03-20 16:24:14',0),(385,'female','marsha','sanders','marsha.sanders@example.com','1987-10-03 09:24:46','00-2264-4466','0494-295-813','https://randomuser.me/api/portraits/women/94.jpg','ticklishcat274','702','2629 e north st','sunshine coast','AU','bulldogs','2018-03-20 16:24:15','2018-03-20 16:24:15',0),(386,'female','jucelaine','barros','jucelaine.barros@example.com','1981-07-27 05:29:44','(03) 8866-7426','(39) 3428-1540','https://randomuser.me/api/portraits/women/24.jpg','heavypeacock344','21687','4105 rua santa maria ','catanduva','BR','blink182','2018-03-20 16:24:15','2018-03-20 16:24:15',0),(387,'female','soledad','martinez','soledad.martinez@example.com','1986-12-27 13:58:51','905-524-735','672-532-757','https://randomuser.me/api/portraits/women/43.jpg','silvergoose341','66329','9520 calle de arturo soria','fuenlabrada','ES','ddddddd','2018-03-20 16:24:15','2018-03-20 16:24:15',0),(388,'male','timothee','lambert','timothee.lambert@example.com','1967-05-25 02:39:40','(844)-416-7174','(474)-960-5199','https://randomuser.me/api/portraits/men/8.jpg','brownkoala764','8454','2051 avenue paul eluard','bournens','CH','tech','2018-03-20 16:24:15','2018-03-20 16:24:15',0),(389,'female','emmi','perko','emmi.perko@example.com','1989-09-22 10:55:15','03-747-421','045-217-33-96','https://randomuser.me/api/portraits/women/95.jpg','goldenwolf296','68635','8886 tahmelantie','joroinen','FI','maggie1','2018-03-20 16:24:15','2018-03-20 16:24:15',0),(390,'male','jeronimus','romp','jeronimus.romp@example.com','1989-09-30 07:07:16','(220)-595-4600','(577)-767-7638','https://randomuser.me/api/portraits/men/74.jpg','orangefrog525','61104','5991 hoefsmederijpad','zaanstad','NL','concord','2018-03-20 16:24:15','2018-03-20 16:24:15',0),(391,'male','emílio','oliveira','emílio.oliveira@example.com','1964-02-07 15:13:54','(31) 3427-4861','(36) 7834-6595','https://randomuser.me/api/portraits/men/13.jpg','greenfrog312','93654','5407 rua dois','gravataí','BR','cunt','2018-03-20 16:24:16','2018-03-20 16:24:16',0),(392,'male','loïc','nicolas','loïc.nicolas@example.com','1951-10-09 08:38:38','(316)-586-2218','(947)-425-6457','https://randomuser.me/api/portraits/men/74.jpg','silverfish822','8029','6430 rue des chartreux','cottens vd','CH','rico','2018-03-20 16:24:16','2018-03-20 16:24:16',0),(393,'male','jose','burns','jose.burns@example.com','1954-03-10 08:20:44','021-627-6233','081-299-5406','https://randomuser.me/api/portraits/men/11.jpg','heavypanda384','69971','1949 o\'connell avenue','malahide','IE','myspace1','2018-03-20 16:24:16','2018-03-20 16:24:16',0),(394,'female','tabea','scholz','tabea.scholz@example.com','1967-08-08 01:59:33','0702-7714204','0173-6268691','https://randomuser.me/api/portraits/women/70.jpg','yellowgorilla324','24527','6669 ahornweg','jerichower land','DE','mygirl','2018-03-20 16:24:16','2018-03-20 16:24:16',0),(395,'female','aubrey','johnston','aubrey.johnston@example.com','1959-01-17 06:07:38','(724)-720-3372','(124)-413-9859','https://randomuser.me/api/portraits/women/74.jpg','orangemeercat926','38529','2268 w gray st','murrieta','US','magician','2018-03-20 16:24:16','2018-03-20 16:24:16',0),(396,'female','melissa','bishop','melissa.bishop@example.com','1990-03-17 20:03:41','04-4917-5471','0400-748-414','https://randomuser.me/api/portraits/women/73.jpg','brownbear110','5243','8611 n stelling rd','coffs harbour','AU','california','2018-03-20 16:24:16','2018-03-20 16:24:16',0),(397,'female','paige','watts','paige.watts@example.com','1968-01-30 22:32:41','016977 61261','0723-268-224','https://randomuser.me/api/portraits/women/42.jpg','ticklishlion471','OP38 3BN','7869 park road','newcastle upon tyne','GB','square','2018-03-20 16:24:16','2018-03-20 16:24:16',0),(398,'male','viktor','kirchner','viktor.kirchner@example.com','1974-01-04 17:09:47','0564-1325710','0176-4526022','https://randomuser.me/api/portraits/men/64.jpg','silverladybug373','19381','9343 birkenstraße','osterholz','DE','pretzel','2018-03-20 16:24:17','2018-03-20 16:24:17',0),(399,'female','amélie','clement','amélie.clement@example.com','1969-03-08 03:36:02','02-02-50-54-99','06-01-20-30-21','https://randomuser.me/api/portraits/women/94.jpg','purplepeacock770','36235','6453 rue cyrus-hugues','rennes','FR','mattie','2018-03-20 16:24:17','2018-03-20 16:24:17',0),(400,'male','aubin','legrand','aubin.legrand@example.com','1955-07-07 05:01:33','04-69-20-09-57','06-45-91-10-47','https://randomuser.me/api/portraits/men/45.jpg','tinygorilla995','62796','5707 rue de la fontaine','versailles','FR','panther','2018-03-20 16:24:17','2018-03-20 16:24:17',0),(401,'female','nella','ojala','nella.ojala@example.com','1994-12-17 16:19:43','07-881-687','041-655-36-44','https://randomuser.me/api/portraits/women/20.jpg','orangepanda713','76710','8384 pyynikintie','raisio','FI','springs','2018-03-20 16:24:17','2018-03-20 16:24:17',0),(402,'male','jose','serrano','jose.serrano@example.com','1952-08-19 10:55:15','980-787-308','674-974-511','https://randomuser.me/api/portraits/men/21.jpg','beautifulfish172','43230','1511 calle de arturo soria','alicante','ES','hello123','2018-03-20 16:24:17','2018-03-20 16:24:17',0),(403,'female','ceylan','tekand','ceylan.tekand@example.com','1957-01-31 20:05:44','(847)-437-5991','(382)-398-3687','https://randomuser.me/api/portraits/women/17.jpg','yellowcat160','17464','9501 vatan cd','sakarya','TR','montecar','2018-03-20 16:24:17','2018-03-20 16:24:17',0),(404,'male','fabian','wahl','fabian.wahl@example.com','1950-07-20 05:56:17','0722-3583797','0175-8199631','https://randomuser.me/api/portraits/men/96.jpg','crazygorilla814','92990','5571 am sportplatz','leipzig','DE','1120','2018-03-20 16:24:17','2018-03-20 16:24:17',0),(405,'male','xavier','delgado','xavier.delgado@example.com','1984-11-24 22:37:59','995-645-608','628-210-789','https://randomuser.me/api/portraits/men/57.jpg','tinyduck642','92568','6854 paseo de zorrilla','fuenlabrada','ES','nomad','2018-03-20 16:24:18','2018-03-20 16:24:18',0),(406,'male','nizar','roetman','nizar.roetman@example.com','1957-06-16 00:33:00','(929)-615-0140','(713)-567-7513','https://randomuser.me/api/portraits/men/92.jpg','blueleopard770','86501','9163 wittevrouwenstraat','haarlemmerliede en spaarnwoude','NL','bunny','2018-03-20 16:24:18','2018-03-20 16:24:18',0),(407,'female','ellie','mccoy','ellie.mccoy@example.com','1962-04-19 04:44:38','011-328-6864','081-361-6405','https://randomuser.me/api/portraits/women/27.jpg','whiteswan685','17086','8042 mill lane','kilcock','IE','philly','2018-03-20 16:24:18','2018-03-20 16:24:18',0),(408,'male','????','????','????.????@example.com','1957-09-23 01:34:15','050-62086227','0932-189-8285','https://randomuser.me/api/portraits/men/27.jpg','orangemeercat573','48893','6296 ???? ?????','??????','IR','grease','2018-03-20 16:24:18','2018-03-20 16:24:18',0),(409,'male','????','????????','????.????????@example.com','1989-10-20 10:10:47','096-96413104','0947-160-6295','https://randomuser.me/api/portraits/men/94.jpg','crazybutterfly799','29728','5964 ????? ??????','????','IR','bongo','2018-03-20 16:24:18','2018-03-20 16:24:18',0),(410,'female','eléonore','gauthier','eléonore.gauthier@example.com','1969-03-17 07:55:24','05-66-33-91-75','06-69-38-08-01','https://randomuser.me/api/portraits/women/60.jpg','tinyelephant307','58702','8562 quai chauveau','saint-denis','FR','wolfpack','2018-03-20 16:24:18','2018-03-20 16:24:18',0),(411,'female','alicia','pastor','alicia.pastor@example.com','1972-10-18 20:50:24','903-797-300','604-470-586','https://randomuser.me/api/portraits/women/21.jpg','greenpanda490','11127','6400 calle nebrija','granada','ES','oatmeal','2018-03-20 16:24:19','2018-03-20 16:24:19',0),(412,'male','mathew','riley','mathew.riley@example.com','1973-03-23 21:17:04','016973 36106','0704-114-559','https://randomuser.me/api/portraits/men/94.jpg','bigtiger194','CH7B 4RZ','8032 st. john’s road','stirling','GB','eggman','2018-03-20 16:24:19','2018-03-20 16:24:19',0),(413,'male','jordan','horton','jordan.horton@example.com','1969-03-01 02:50:03','031-467-7876','081-710-4279','https://randomuser.me/api/portraits/men/30.jpg','lazysnake291','34882','6414 victoria road','kells','IE','allison','2018-03-20 16:24:19','2018-03-20 16:24:19',0),(414,'male','emre','öymen','emre.öymen@example.com','1965-01-18 21:22:11','(365)-141-2342','(441)-713-3025','https://randomuser.me/api/portraits/men/43.jpg','brownleopard524','33633','8211 anafartalar cd','kayseri','TR','zippo','2018-03-20 16:24:19','2018-03-20 16:24:19',0),(415,'male','önal','karada?','önal.karada?@example.com','1964-08-04 17:23:51','(388)-173-4303','(710)-770-2903','https://randomuser.me/api/portraits/men/40.jpg','redleopard755','46725','1239 maçka cd','kilis','TR','5424','2018-03-20 16:24:19','2018-03-20 16:24:19',0),(416,'male','lutz','naumann','lutz.naumann@example.com','1968-10-05 03:56:06','0179-8341226','0175-9947640','https://randomuser.me/api/portraits/men/92.jpg','orangeostrich440','42747','9340 lerchenweg','stollberg','DE','fred','2018-03-20 16:24:19','2018-03-20 16:24:19',0),(417,'male','jeffery','garza','jeffery.garza@example.com','1977-08-17 13:16:37','03-7188-0761','0467-550-895','https://randomuser.me/api/portraits/men/68.jpg','tinydog705','8800','7250 james st','launceston','AU','augustus','2018-03-20 16:24:19','2018-03-20 16:24:19',0),(418,'male','hugo','hughes','hugo.hughes@example.com','1961-12-10 00:14:22','(398)-074-9393','(621)-804-0177','https://randomuser.me/api/portraits/men/73.jpg','beautifulgorilla187','84113','3427 stafford street','auckland','NZ','gaymen','2018-03-20 16:24:20','2018-03-20 16:24:20',0),(419,'male','jacob','walker','jacob.walker@example.com','1976-09-13 23:19:09','(855)-745-1794','(193)-044-0062','https://randomuser.me/api/portraits/men/17.jpg','crazyelephant984','65215','9679 flaxmere ave','blenheim','NZ','moose','2018-03-20 16:24:20','2018-03-20 16:24:20',0),(420,'male','????','???????','????.???????@example.com','1956-08-11 09:13:22','036-65785378','0907-906-5012','https://randomuser.me/api/portraits/men/0.jpg','silverbutterfly825','70780','4619 ???? ?????','?????','IR','quest','2018-03-20 16:24:20','2018-03-20 16:24:20',0),(421,'male','benno','zimmer','benno.zimmer@example.com','1980-03-14 02:28:29','0655-2285262','0172-6131116','https://randomuser.me/api/portraits/men/78.jpg','heavypeacock805','27792','3919 goethestraße','bonn','DE','penny1','2018-03-20 16:24:20','2018-03-20 16:24:20',0),(422,'female','sophia','riviere','sophia.riviere@example.com','1963-05-30 00:57:39','(070)-752-9840','(660)-244-5873','https://randomuser.me/api/portraits/women/25.jpg','browngoose309','7035','4099 place de l\'abbé-jean-lebeuf','la conversion','CH','1015','2018-03-20 16:24:20','2018-03-20 16:24:20',0),(423,'female','sanni','makela','sanni.makela@example.com','1967-09-09 04:00:50','04-573-651','042-467-90-00','https://randomuser.me/api/portraits/women/68.jpg','lazycat802','91675','5319 mannerheimintie','kuhmoinen','FI','melissa1','2018-03-20 16:24:20','2018-03-20 16:24:20',0),(424,'male','vincent','wilson','vincent.wilson@example.com','1990-03-15 23:13:29','246-488-0701','360-737-4128','https://randomuser.me/api/portraits/men/60.jpg','beautifulbutterfly718','87146','7918 9th st','brockton','CA','deejay','2018-03-20 16:24:21','2018-03-20 16:24:21',0),(425,'male','???????','????','???????.????@example.com','1977-03-18 08:35:35','057-44832317','0935-901-1631','https://randomuser.me/api/portraits/men/55.jpg','whitegorilla150','47606','8125 ???? ?? ????','?????','IR','darkside','2018-03-20 16:24:21','2018-03-20 16:24:21',0),(426,'female','holly','wright','holly.wright@example.com','1959-08-28 04:59:35','(691)-773-9217','(401)-691-5144','https://randomuser.me/api/portraits/women/89.jpg','bigleopard103','17701','7732 greenwood st','napier','NZ','buster1','2018-03-20 16:24:21','2018-03-20 16:24:21',0),(427,'female','elif','pekkan','elif.pekkan@example.com','1952-01-22 10:23:22','(179)-375-9419','(261)-918-8625','https://randomuser.me/api/portraits/women/10.jpg','lazyduck265','83295','4981 talak göktepe cd','bursa','TR','muffy','2018-03-20 16:24:21','2018-03-20 16:24:21',0),(428,'male','archie','smith','archie.smith@example.com','1969-09-23 00:13:55','(638)-804-4511','(146)-805-4588','https://randomuser.me/api/portraits/men/2.jpg','brownmeercat763','46732','1908 universal drive','wellington','NZ','angus','2018-03-20 16:24:21','2018-03-20 16:24:21',0),(429,'male','dylan','roelse','dylan.roelse@example.com','1963-12-05 02:02:27','(054)-443-1591','(792)-956-1216','https://randomuser.me/api/portraits/men/55.jpg','purplerabbit555','84461','2821 domstraat','tholen','NL','atlanta','2018-03-20 16:24:21','2018-03-20 16:24:21',0),(430,'male','mason','bailey','mason.bailey@example.com','1950-04-13 05:37:50','051-703-7697','081-768-2974','https://randomuser.me/api/portraits/men/7.jpg','ticklishlion959','92782','7194 herbert road','blessington','IE','barkley','2018-03-20 16:24:21','2018-03-20 16:24:21',0),(431,'male','lucas','jones','lucas.jones@example.com','1980-12-18 17:17:55','(678)-382-9636','(868)-476-0231','https://randomuser.me/api/portraits/men/2.jpg','lazymeercat750','12669','4968 lambton quay','nelson','NZ','989898','2018-03-20 16:24:22','2018-03-20 16:24:22',0),(432,'male','ryder','williams','ryder.williams@example.com','1994-10-16 00:19:58','(898)-011-7447','(223)-460-5175','https://randomuser.me/api/portraits/men/45.jpg','crazyostrich202','89932','7334 great north road','new plymouth','NZ','bambam','2018-03-20 16:24:22','2018-03-20 16:24:22',0),(433,'male','michael','schilling','michael.schilling@example.com','1945-03-16 22:37:44','0810-1953020','0176-7865125','https://randomuser.me/api/portraits/men/15.jpg','brownpeacock852','65289','8700 talstraße','gera','DE','potato','2018-03-20 16:24:22','2018-03-20 16:24:22',0),(434,'male','douglas','barrett','douglas.barrett@example.com','1957-09-09 15:02:22','(671)-588-8035','(942)-574-2864','https://randomuser.me/api/portraits/men/4.jpg','orangetiger487','13047','4594 ranchview dr','costa mesa','US','summit','2018-03-20 16:24:22','2018-03-20 16:24:22',0),(435,'female','hannah','miller','hannah.miller@example.com','1995-07-02 16:04:24','691-911-6437','989-017-8386','https://randomuser.me/api/portraits/women/55.jpg','beautifulfish853','25875','6296 balmoral st','burlington','CA','einstein','2018-03-20 16:24:22','2018-03-20 16:24:22',0),(436,'female','roberta','herrera','roberta.herrera@example.com','1975-05-24 11:40:33','(597)-278-3108','(909)-617-6744','https://randomuser.me/api/portraits/women/86.jpg','yellowfrog225','63219','6923 e pecan st','reno','US','harbor','2018-03-20 16:24:22','2018-03-20 16:24:22',0),(437,'female','tammy','fisher','tammy.fisher@example.com','1986-10-31 10:49:11','017683 11292','0701-543-824','https://randomuser.me/api/portraits/women/27.jpg','ticklishfrog602','IM7R 1GT','4814 church road','gloucester','GB','pounded','2018-03-20 16:24:23','2018-03-20 16:24:23',0),(438,'male','samuel','ferrer','samuel.ferrer@example.com','1955-09-30 13:58:06','978-865-972','610-250-044','https://randomuser.me/api/portraits/men/84.jpg','bigswan674','96831','8986 calle nebrija','parla','ES','thanatos','2018-03-20 16:24:23','2018-03-20 16:24:23',0),(439,'female','chimène','alderliesten','chimène.alderliesten@example.com','1976-07-20 20:24:35','(805)-750-6955','(964)-302-8655','https://randomuser.me/api/portraits/women/12.jpg','yellowgorilla728','59209','4480 hanengeschrei','maastricht','NL','woodstoc','2018-03-20 16:24:23','2018-03-20 16:24:23',0),(440,'female','silja','pastor','silja.pastor@example.com','1961-07-17 01:20:55','(997)-866-5615','(500)-222-4207','https://randomuser.me/api/portraits/women/47.jpg','orangecat972','39582','5951 servaasbolwerk','brummen','NL','burns','2018-03-20 16:24:23','2018-03-20 16:24:23',0),(441,'female','susan','stewart','susan.stewart@example.com','1994-12-17 08:04:47','019467 08302','0752-571-707','https://randomuser.me/api/portraits/women/94.jpg','goldenmouse969','Z0 9DU','8028 park lane','leeds','GB','cumcum','2018-03-20 16:24:23','2018-03-20 16:24:23',0),(442,'male','jaydan','de rover','jaydan.derover@example.com','1962-11-02 05:57:20','(337)-889-1807','(316)-816-1599','https://randomuser.me/api/portraits/men/31.jpg','whiteelephant485','17953','6126 rubenslaan','arnhem','NL','m5wkqf','2018-03-20 16:24:23','2018-03-20 16:24:23',0),(443,'male','wesley','stewart','wesley.stewart@example.com','1968-07-08 09:07:18','01-8050-2329','0476-260-674','https://randomuser.me/api/portraits/men/74.jpg','goldenswan900','3431','187 central st','ballarat','AU','1066','2018-03-20 16:24:23','2018-03-20 16:24:23',0),(444,'female','henriette','spreeuwenberg','henriette.spreeuwenberg@example.com','1995-02-06 04:20:31','(878)-262-4716','(966)-478-4225','https://randomuser.me/api/portraits/women/56.jpg','ticklishbird599','81614','5237 jutfaseweg','ede','NL','april1','2018-03-20 16:24:24','2018-03-20 16:24:24',0),(445,'female','caitlin','brown','caitlin.brown@example.com','1959-05-13 02:40:47','(415)-881-6123','(929)-404-9142','https://randomuser.me/api/portraits/women/49.jpg','purplemouse177','69094','4211 broadway avenue','christchurch','NZ','verona','2018-03-20 16:24:24','2018-03-20 16:24:24',0),(446,'female','marie','sørensen','marie.sørensen@example.com','1978-02-18 18:37:15','14126099','50908953','https://randomuser.me/api/portraits/women/29.jpg','smallmouse631','38002','7001 pilestien','agerbæk','DK','simona','2018-03-20 16:24:24','2018-03-20 16:24:24',0),(447,'female','rozemarijn','van buuren','rozemarijn.vanbuuren@example.com','1985-05-10 10:28:40','(590)-115-1036','(048)-713-9185','https://randomuser.me/api/portraits/women/64.jpg','purpleswan807','47840','1351 bokstraat','opsterland','NL','linkin','2018-03-20 16:24:24','2018-03-20 16:24:24',0),(448,'male','?????','???????','?????.???????@example.com','1985-01-29 05:22:51','041-21835640','0992-737-9975','https://randomuser.me/api/portraits/men/15.jpg','yellowkoala676','54579','8124 ????????','??????','IR','xxxxxx1','2018-03-20 16:24:24','2018-03-20 16:24:24',0),(449,'female','zoe','hale','zoe.hale@example.com','1981-11-16 02:14:55','011-468-7128','081-250-3727','https://randomuser.me/api/portraits/women/16.jpg','silverleopard341','64607','3003 church lane','dunboyne','IE','whitesox','2018-03-20 16:24:24','2018-03-20 16:24:24',0),(450,'male','joe','morrison','joe.morrison@example.com','1977-10-14 05:07:22','07-4104-1036','0489-235-701','https://randomuser.me/api/portraits/men/18.jpg','silverpeacock996','8126','201 lone wolf trail','warrnambool','AU','caravan','2018-03-20 16:24:25','2018-03-20 16:24:25',0),(451,'female','lauriana','oliveira','lauriana.oliveira@example.com','1972-07-25 21:11:26','(59) 7657-1945','(38) 3479-4439','https://randomuser.me/api/portraits/women/85.jpg','silvercat663','31019','3110 rua pernambuco ','cotia','BR','135790','2018-03-20 16:24:25','2018-03-20 16:24:25',0),(452,'female','elya','nguyen','elya.nguyen@example.com','1956-12-19 13:06:30','04-31-52-22-45','06-16-02-94-04','https://randomuser.me/api/portraits/women/27.jpg','redfish212','21218','3899 avenue du château','limoges','FR','technics','2018-03-20 16:24:25','2018-03-20 16:24:25',0),(453,'male','lucian','poortinga','lucian.poortinga@example.com','1954-07-15 12:20:33','(105)-934-1979','(383)-760-8860','https://randomuser.me/api/portraits/men/83.jpg','silverbear469','99272','5257 oorsprongpark','eindhoven','NL','heather1','2018-03-20 16:24:25','2018-03-20 16:24:25',0),(454,'male','emile','picard','emile.picard@example.com','1984-10-02 20:24:50','02-21-45-55-82','06-85-72-11-26','https://randomuser.me/api/portraits/men/54.jpg','blueleopard357','52600','8684 rue chazière','clermont-ferrand','FR','firefigh','2018-03-20 16:24:39','2018-03-20 16:24:39',0),(455,'female','summer','jones','summer.jones@example.com','1955-11-20 16:00:26','(465)-689-5684','(165)-452-4728','https://randomuser.me/api/portraits/women/18.jpg','crazyduck147','56337','8283 hereford street','palmerston north','NZ','hawkeye','2018-03-20 16:24:40','2018-03-20 16:24:40',0),(456,'male','mathew','castro','mathew.castro@example.com','1964-06-06 03:13:22','08-8989-5983','0408-299-138','https://randomuser.me/api/portraits/men/35.jpg','smallkoala161','2470','235 saddle dr','geelong','AU','madeline','2018-03-20 16:24:40','2018-03-20 16:24:40',0),(457,'female','jenny','brooks','jenny.brooks@example.com','1952-04-22 00:51:18','(101)-321-1713','(184)-050-6104','https://randomuser.me/api/portraits/women/83.jpg','ticklishbutterfly444','55775','1385 spring st','miami','US','dingdong','2018-03-20 16:24:40','2018-03-20 16:24:40',0),(458,'male','franklin','olson','franklin.olson@example.com','1971-07-06 22:58:10','08-7727-7610','0494-460-412','https://randomuser.me/api/portraits/men/40.jpg','orangemouse189','669','9072 mockingbird hill','sydney','AU','mandrake','2018-03-20 16:24:40','2018-03-20 16:24:40',0),(459,'male','kyle','meehan','kyle.meehan@example.com','1988-04-16 10:38:21','051-428-2170','081-415-1185','https://randomuser.me/api/portraits/men/59.jpg','goldenelephant927','65165','1552 killarney road','ballybofey-stranorlar','IE','aberdeen','2018-03-20 16:24:40','2018-03-20 16:24:40',0),(460,'female','cathy','hill','cathy.hill@example.com','1978-05-24 22:41:21','015242 81243','0797-940-785','https://randomuser.me/api/portraits/women/93.jpg','brownelephant946','HX4H 4GW','3377 green lane','westminster','GB','titi','2018-03-20 16:24:41','2018-03-20 16:24:41',0),(461,'female','ceyhan','kunt','ceyhan.kunt@example.com','1992-04-07 06:18:43','(075)-431-6929','(989)-899-1783','https://randomuser.me/api/portraits/women/72.jpg','silvertiger972','90861','1075 istiklal cd','tokat','TR','bauhaus','2018-03-20 16:24:41','2018-03-20 16:24:41',0),(462,'female','britney','snyder','britney.snyder@example.com','1971-12-08 03:45:48','071-130-6029','081-851-4425','https://randomuser.me/api/portraits/women/19.jpg','ticklishpanda128','70318','6179 grange road','shannon','IE','futbol','2018-03-20 16:24:41','2018-03-20 16:24:41',0),(463,'female','loreen','seitz','loreen.seitz@example.com','1982-12-26 23:06:33','0430-1658828','0173-3936844','https://randomuser.me/api/portraits/women/21.jpg','ticklishpanda211','76647','9381 beethovenstraße','sigmaringen','DE','county','2018-03-20 16:24:41','2018-03-20 16:24:41',0),(464,'female','eevi','kivi','eevi.kivi@example.com','1989-10-24 19:03:30','07-957-469','041-935-55-58','https://randomuser.me/api/portraits/women/2.jpg','purpledog433','68556','5049 mechelininkatu','forssa','FI','calico','2018-03-20 16:24:41','2018-03-20 16:24:41',0),(465,'male','fatih','denkel','fatih.denkel@example.com','1991-07-20 12:08:07','(026)-332-2866','(483)-833-2907','https://randomuser.me/api/portraits/men/6.jpg','blueostrich310','12178','9266 tunal? hilmi cd','a?r?','TR','printing','2018-03-20 16:24:41','2018-03-20 16:24:41',0),(466,'female','kayla','brown','kayla.brown@example.com','1945-06-29 13:21:20','(340)-532-6967','(005)-012-1815','https://randomuser.me/api/portraits/women/4.jpg','lazyfrog720','12715','3365 theodosia street','new plymouth','NZ','musicman','2018-03-20 16:24:42','2018-03-20 16:24:42',0),(467,'male','adam','pelletier','adam.pelletier@example.com','1974-04-23 07:06:44','478-079-0941','750-741-4498','https://randomuser.me/api/portraits/men/41.jpg','greenrabbit488','48869','8490 22nd ave','tecumseh','CA','ssssss','2018-03-20 16:24:42','2018-03-20 16:24:42',0),(468,'female','adriana','richter','adriana.richter@example.com','1982-08-30 10:27:02','0936-5110452','0176-4279997','https://randomuser.me/api/portraits/women/75.jpg','brownswan922','36410','1807 kastanienweg','fürth','DE','east','2018-03-20 16:24:42','2018-03-20 16:24:42',0),(469,'male','magdo','teixeira','magdo.teixeira@example.com','1958-03-21 22:36:49','(03) 9576-0946','(84) 7400-8106','https://randomuser.me/api/portraits/men/25.jpg','bluesnake698','69253','2425 beco dos namorados','itaboraí','BR','rescue','2018-03-20 16:24:42','2018-03-20 16:24:42',0),(470,'female','bella','pearson','bella.pearson@example.com','1967-08-16 07:38:23','02-1430-6082','0454-057-764','https://randomuser.me/api/portraits/women/91.jpg','bluepanda219','7728','4473 w sherman dr','toowoomba','AU','1234567','2018-03-20 16:24:42','2018-03-20 16:24:42',0),(471,'male','frederikke','jørgensen','frederikke.jørgensen@example.com','1976-05-20 21:42:17','82832833','44922729','https://randomuser.me/api/portraits/men/30.jpg','bigbutterfly480','87157','2034 granparken','lemvig','DK','sharon','2018-03-20 16:24:42','2018-03-20 16:24:42',0),(472,'female','maëlys','morin','maëlys.morin@example.com','1994-05-19 08:18:45','(360)-723-5321','(760)-913-4654','https://randomuser.me/api/portraits/women/83.jpg','bluemouse636','1218','8678 rue bossuet','cully','CH','chillin','2018-03-20 16:24:42','2018-03-20 16:24:42',0),(473,'male','rodney','black','rodney.black@example.com','1951-01-06 03:07:24','03-4071-5540','0441-845-943','https://randomuser.me/api/portraits/men/23.jpg','whitelion398','3110','5729 blossom hill rd','perth','AU','taco','2018-03-20 16:24:43','2018-03-20 16:24:43',0),(474,'male','ignacio','hernandez','ignacio.hernandez@example.com','1986-08-30 14:53:29','954-967-590','663-738-017','https://randomuser.me/api/portraits/men/97.jpg','organicostrich175','45187','1626 calle de alberto aguilera','oviedo','ES','donna1','2018-03-20 16:24:43','2018-03-20 16:24:43',0),(475,'male','nilo','rodrigues','nilo.rodrigues@example.com','1952-10-25 14:40:54','(85) 2447-0818','(49) 3243-6895','https://randomuser.me/api/portraits/men/26.jpg','lazykoala743','22329','7026 avenida brasil ','joinville','BR','soccer1','2018-03-20 16:24:43','2018-03-20 16:24:43',0),(476,'female','nelli','autio','nelli.autio@example.com','1994-04-28 05:27:04','05-579-920','040-988-53-27','https://randomuser.me/api/portraits/women/81.jpg','greenbear854','37676','3137 hämeentie','alajärvi','FI','icu812','2018-03-20 16:24:43','2018-03-20 16:24:43',0),(477,'male','john','brown','john.brown@example.com','1946-03-25 03:24:55','051-305-3884','081-025-5346','https://randomuser.me/api/portraits/men/49.jpg','whitegoose472','33912','8684 green lane','cashel','IE','bluedog','2018-03-20 16:24:43','2018-03-20 16:24:43',0),(478,'female','siiri','juntunen','siiri.juntunen@example.com','1995-06-27 23:11:33','03-287-129','044-081-96-73','https://randomuser.me/api/portraits/women/30.jpg','blackcat142','24608','2249 tahmelantie','hollola','FI','contract','2018-03-20 16:24:44','2018-03-20 16:24:44',0),(479,'female','emi','zoutenbier','emi.zoutenbier@example.com','1992-05-26 16:41:05','(579)-548-8143','(598)-805-9522','https://randomuser.me/api/portraits/women/67.jpg','bluebear406','26178','2855 annastraat','vlagtwedde','NL','1026','2018-03-20 16:24:44','2018-03-20 16:24:44',0),(480,'male','ray','martinez','ray.martinez@example.com','1978-04-20 21:25:37','021-298-5871','081-820-6594','https://randomuser.me/api/portraits/men/17.jpg','organicbear397','40770','4996 church street','tralee','IE','stoner','2018-03-20 16:24:44','2018-03-20 16:24:44',0),(481,'male','mahamed','kieft','mahamed.kieft@example.com','1948-07-04 17:55:21','(759)-090-5062','(521)-532-1988','https://randomuser.me/api/portraits/men/86.jpg','orangeleopard337','41700','3002 zuilenstraat','landerd','NL','puff','2018-03-20 16:24:44','2018-03-20 16:24:44',0),(482,'female','patricia','adam','patricia.adam@example.com','1967-10-16 05:59:09','0592-1501418','0178-3737121','https://randomuser.me/api/portraits/women/82.jpg','orangedog478','60930','1965 raiffeisenstraße','recklinghausen','DE','sergio','2018-03-20 16:24:44','2018-03-20 16:24:44',0),(483,'female','valdira','cardoso','valdira.cardoso@example.com','1961-02-12 02:34:26','(73) 4618-2848','(09) 2199-3114','https://randomuser.me/api/portraits/women/40.jpg','bigelephant906','93716','2185 rua dezesseis de maio','viamão','BR','diver','2018-03-20 16:24:44','2018-03-20 16:24:44',0),(484,'male','umut','barbaroso?lu','umut.barbaroso?lu@example.com','1955-11-06 07:34:06','(974)-087-5682','(751)-827-6588','https://randomuser.me/api/portraits/men/90.jpg','biggorilla362','38396','2216 ba?dat cd','tekirda?','TR','misfit99','2018-03-20 16:24:45','2018-03-20 16:24:45',0),(485,'male','hermes','nascimento','hermes.nascimento@example.com','1959-08-17 06:14:29','(21) 2717-3517','(16) 6976-4577','https://randomuser.me/api/portraits/men/31.jpg','orangemeercat145','32889','6400 rua mato grosso ','viamão','BR','future','2018-03-20 16:24:45','2018-03-20 16:24:45',0),(486,'male','ethan','lee','ethan.lee@example.com','1946-08-23 22:37:16','(984)-100-6062','(110)-340-3639','https://randomuser.me/api/portraits/men/74.jpg','beautifulbird686','96995','6988 northcote road','dunedin','NZ','diva','2018-03-20 16:24:45','2018-03-20 16:24:45',0),(487,'female','susanna','berry','susanna.berry@example.com','1952-05-14 12:02:24','01877 53055','0785-077-278','https://randomuser.me/api/portraits/women/13.jpg','silvergoose102','YL17 5ZQ','5669 broadway','chester','GB','poipoi','2018-03-20 16:24:45','2018-03-20 16:24:45',0),(488,'female','gül','akan','gül.akan@example.com','1974-11-11 17:36:53','(850)-444-6555','(173)-216-3769','https://randomuser.me/api/portraits/women/70.jpg','greenpeacock348','35232','9584 doktorlar cd','diyarbak?r','TR','james','2018-03-20 16:24:45','2018-03-20 16:24:45',0),(489,'female','??????','?????','??????.?????@example.com','1945-05-17 14:47:10','047-13634566','0908-491-5968','https://randomuser.me/api/portraits/women/37.jpg','heavyfrog215','63831','4743 ????? 15?????','??????','IR','jackal','2018-03-20 16:24:45','2018-03-20 16:24:45',0),(490,'female','avery','wade','avery.wade@example.com','1967-04-25 10:43:16','016977 51038','0741-426-164','https://randomuser.me/api/portraits/women/54.jpg','ticklishostrich839','KZ6 5ES','7838 st. john’s road','bradford','GB','tony','2018-03-20 16:24:46','2018-03-20 16:24:46',0),(491,'male','lucas','pedersen','lucas.pedersen@example.com','1949-03-08 22:09:33','14482084','94592187','https://randomuser.me/api/portraits/men/62.jpg','ticklishdog454','61966','3013 rødkælkevej','saltum','DK','july','2018-03-20 16:24:46','2018-03-20 16:24:46',0),(492,'male','arthur','brown','arthur.brown@example.com','1957-01-13 23:43:43','(754)-114-3004','(663)-161-5126','https://randomuser.me/api/portraits/men/69.jpg','lazykoala626','48074','9420 northgate','invercargill','NZ','acidburn','2018-03-20 16:24:46','2018-03-20 16:24:46',0),(493,'female','maëline','robert','maëline.robert@example.com','1960-03-10 08:27:11','04-93-86-80-28','06-14-66-06-55','https://randomuser.me/api/portraits/women/26.jpg','organickoala488','99200','8440 rue du 8 mai 1945','rueil-malmaison','FR','bigguns','2018-03-20 16:24:46','2018-03-20 16:24:46',0),(494,'male','estéban','berger','estéban.berger@example.com','1946-08-08 06:31:16','(084)-779-4237','(725)-031-3944','https://randomuser.me/api/portraits/men/47.jpg','lazyladybug603','3120','6133 avenue joliot curie','pampigny','CH','flight','2018-03-20 16:24:46','2018-03-20 16:24:46',0),(495,'female','????','?????','????.?????@example.com','1978-01-18 03:57:15','037-34738066','0951-072-8847','https://randomuser.me/api/portraits/women/5.jpg','orangeostrich570','90558','7178 ???? ?????','???','IR','mental','2018-03-20 16:24:46','2018-03-20 16:24:46',0),(496,'male','pablo','castro','pablo.castro@example.com','1947-09-02 01:50:54','930-373-050','686-307-072','https://randomuser.me/api/portraits/men/49.jpg','redbird573','42497','2875 calle del barquillo','arrecife','ES','rhubarb','2018-03-20 16:24:46','2018-03-20 16:24:46',0),(497,'female','aubree','denys','aubree.denys@example.com','1959-03-20 06:00:24','885-925-3372','017-835-7303','https://randomuser.me/api/portraits/women/16.jpg','redkoala716','63189','6659 king st','elgin','CA','mike1','2018-03-20 16:24:47','2018-03-20 16:24:47',0),(498,'male','cody','ford','cody.ford@example.com','1980-10-17 00:37:21','031-017-5718','081-557-7924','https://randomuser.me/api/portraits/men/5.jpg','silverlion523','20180','9456 park road','longford','IE','kathleen','2018-03-20 16:24:47','2018-03-20 16:24:47',0),(499,'male','etienne','park','etienne.park@example.com','1987-04-03 08:26:47','740-845-9589','162-277-6108','https://randomuser.me/api/portraits/men/93.jpg','lazyfish659','48887','6135 alfred st','chipman','CA','sasha1','2018-03-20 16:24:47','2018-03-20 16:24:47',0),(500,'female','madison','grewal','madison.grewal@example.com','1975-07-18 23:59:38','783-623-9128','777-773-4460','https://randomuser.me/api/portraits/women/17.jpg','goldenmeercat872','31775','1208 college ave','westport','CA','nang','2018-03-20 16:24:47','2018-03-20 16:24:47',0),(501,'male','max','beyer','max.beyer@example.com','1987-07-05 14:07:08','0593-3238526','0170-8636331','https://randomuser.me/api/portraits/men/60.jpg','whiteleopard871','82935','1401 parkstraße','stralsund','DE','starman','2018-03-20 16:24:47','2018-03-20 16:24:47',0),(502,'male','ceyhun','karaböcek','ceyhun.karaböcek@example.com','1975-06-20 14:02:35','(367)-545-7539','(615)-828-4765','https://randomuser.me/api/portraits/men/73.jpg','silverpeacock555','88774','2709 tunal? hilmi cd','kilis','TR','carolina','2018-03-20 16:24:47','2018-03-20 16:24:47',0),(503,'male','lewis','perry','lewis.perry@example.com','1954-03-21 23:54:56','04-8413-7688','0453-048-376','https://randomuser.me/api/portraits/men/5.jpg','beautifulleopard835','9684','6175 lakeview st','devonport','AU','hetfield','2018-03-20 16:24:47','2018-03-20 16:24:47',0),(504,'male','joery','de vreeze','joery.devreeze@example.com','1989-08-02 00:43:58','(388)-887-2075','(212)-009-8701','https://randomuser.me/api/portraits/men/81.jpg','bluewolf317','58470','2024 lange nieuwstraat','zeist','NL','private1','2018-03-20 16:24:48','2018-03-20 16:24:48',0),(505,'male','derrick','smith','derrick.smith@example.com','1952-04-02 21:43:10','017687 93807','0755-561-820','https://randomuser.me/api/portraits/men/25.jpg','heavyleopard292','N11 7NS','3516 church road','derby','GB','coral','2018-03-20 16:24:48','2018-03-20 16:24:48',0),(506,'female','lotta','rantala','lotta.rantala@example.com','1984-07-21 18:55:40','09-940-378','042-995-33-28','https://randomuser.me/api/portraits/women/65.jpg','bigbutterfly871','19102','2477 reijolankatu','kimitoön','FI','black1','2018-03-20 16:24:48','2018-03-20 16:24:48',0),(507,'female','lyna','durand','lyna.durand@example.com','1957-11-28 16:52:05','04-28-55-91-62','06-48-28-71-60','https://randomuser.me/api/portraits/women/91.jpg','whitetiger499','47019','1156 rue barrème','rouen','FR','trixie','2018-03-20 16:24:48','2018-03-20 16:24:48',0),(508,'female','ellen','fisher','ellen.fisher@example.com','1987-07-04 17:58:50','041-932-3062','081-497-6425','https://randomuser.me/api/portraits/women/31.jpg','redleopard279','75595','9942 mill road','kinsale','IE','footjob','2018-03-20 16:24:48','2018-03-20 16:24:48',0),(509,'male','dominic','lavoie','dominic.lavoie@example.com','1976-11-02 09:52:48','137-292-2661','742-505-6698','https://randomuser.me/api/portraits/men/69.jpg','bluebear473','66082','4568 balmoral st','waterloo','CA','hover','2018-03-20 16:24:48','2018-03-20 16:24:48',0),(510,'male','erwan','nicolas','erwan.nicolas@example.com','1970-07-22 12:16:55','(156)-490-2794','(179)-086-3737','https://randomuser.me/api/portraits/men/13.jpg','whitewolf251','2096','7347 rue baraban','lausanne','CH','woodstoc','2018-03-20 16:24:49','2018-03-20 16:24:49',0),(511,'male','johnny','henderson','johnny.henderson@example.com','1977-09-10 14:07:00','016974 96823','0718-046-012','https://randomuser.me/api/portraits/men/97.jpg','bluefish280','D31 6XL','9252 green lane','swansea','GB','patricia','2018-03-20 16:24:49','2018-03-20 16:24:49',0),(512,'female','aaliyah','li','aaliyah.li@example.com','1960-09-10 10:30:07','(948)-802-7240','(812)-236-9919','https://randomuser.me/api/portraits/women/7.jpg','heavyelephant402','11385','2368 roscommon road','palmerston north','NZ','falcon1','2018-03-20 16:24:49','2018-03-20 16:24:49',0),(513,'male','jonas','mortensen','jonas.mortensen@example.com','1980-11-17 07:58:35','61490023','24331716','https://randomuser.me/api/portraits/men/30.jpg','heavybutterfly652','39261','8995 skovparken','billum','DK','buffa','2018-03-20 16:24:49','2018-03-20 16:24:49',0),(514,'female','maya','ennis','maya.ennis@example.com','1952-04-12 03:16:53','367-196-8849','539-143-0161','https://randomuser.me/api/portraits/women/18.jpg','bluetiger323','63357','8317 college ave','flatrock','CA','jessica','2018-03-20 16:24:49','2018-03-20 16:24:49',0),(515,'female','esma','menemencio?lu','esma.menemencio?lu@example.com','1968-10-14 14:51:45','(815)-738-0890','(149)-980-0369','https://randomuser.me/api/portraits/women/66.jpg','organicsnake376','31068','9748 ?ehitler cd','antalya','TR','macaroni','2018-03-20 16:24:49','2018-03-20 16:24:49',0),(516,'male','joel','perko','joel.perko@example.com','1948-11-07 03:46:56','05-323-139','043-312-09-35','https://randomuser.me/api/portraits/men/59.jpg','goldensnake717','23056','3247 myllypuronkatu','lohja','FI','sander','2018-03-20 16:24:50','2018-03-20 16:24:50',0),(517,'male','leroy','collins','leroy.collins@example.com','1957-06-13 21:52:19','(733)-027-4888','(770)-176-8573','https://randomuser.me/api/portraits/men/13.jpg','ticklishbear559','89631','1083 e little york rd','abilene','US','clint','2018-03-20 16:24:50','2018-03-20 16:24:50',0),(518,'female','christy','andrews','christy.andrews@example.com','1980-12-12 18:10:11','06-9526-4830','0419-455-578','https://randomuser.me/api/portraits/women/23.jpg','biggorilla876','5290','5619 parker rd','wagga wagga','AU','express','2018-03-20 16:24:50','2018-03-20 16:24:50',0),(519,'male','samuel','sander','samuel.sander@example.com','1993-12-12 13:05:19','0531-4503149','0172-1778630','https://randomuser.me/api/portraits/men/58.jpg','redfish643','28100','8440 erlenweg','freyung-grafenau','DE','toon','2018-03-20 16:24:50','2018-03-20 16:24:50',0),(520,'male','oliver','sakala','oliver.sakala@example.com','1987-06-21 22:35:00','04-532-430','048-070-89-40','https://randomuser.me/api/portraits/men/66.jpg','crazyduck841','17226','9742 rautatienkatu','savukoski','FI','horseman','2018-03-20 16:24:50','2018-03-20 16:24:50',0),(521,'female','anna','jørgensen','anna.jørgensen@example.com','1955-11-05 19:59:37','03369199','57542848','https://randomuser.me/api/portraits/women/77.jpg','blackbutterfly358','70075','3386 tornskadevej','randers nø','DK','picasso','2018-03-20 16:24:50','2018-03-20 16:24:50',0),(522,'male','christian','fuchs','christian.fuchs@example.com','1960-02-11 14:33:38','0017-0891584','0176-1568131','https://randomuser.me/api/portraits/men/42.jpg','purplefish922','14465','8567 lessingstraße','helmstedt','DE','mack','2018-03-20 16:24:50','2018-03-20 16:24:50',0),(523,'female','afet','abac?','afet.abac?@example.com','1953-04-08 02:26:49','(345)-700-1144','(437)-739-3201','https://randomuser.me/api/portraits/women/56.jpg','brownpeacock255','56613','6094 vatan cd','hatay','TR','loco','2018-03-20 16:24:51','2018-03-20 16:24:51',0),(524,'female','isla','chen','isla.chen@example.com','1987-03-15 22:40:41','(284)-043-7706','(336)-939-2613','https://randomuser.me/api/portraits/women/24.jpg','brownfrog370','30049','4896 puhinui road','upper hutt','NZ','geoffrey','2018-03-20 16:24:51','2018-03-20 16:24:51',0),(525,'male','erik','schubert','erik.schubert@example.com','1984-05-06 13:35:47','0489-1509402','0173-0807849','https://randomuser.me/api/portraits/men/13.jpg','redwolf576','28829','2753 buchenweg','landsberg a. lech','DE','vincent','2018-03-20 16:24:51','2018-03-20 16:24:51',0),(526,'female','??????','?????','??????.?????@example.com','1954-08-04 16:55:23','013-29496594','0914-781-0951','https://randomuser.me/api/portraits/women/68.jpg','beautifulfish835','27357','3605 ????? ??????????','?????','IR','ooooo','2018-03-20 16:24:51','2018-03-20 16:24:51',0),(527,'female','ava','carpentier','ava.carpentier@example.com','1991-11-11 18:52:12','(083)-930-2268','(179)-859-8616','https://randomuser.me/api/portraits/women/73.jpg','blackkoala173','5794','3184 rue bataille','morges','CH','state','2018-03-20 16:24:51','2018-03-20 16:24:51',0),(528,'female','annoeska','hoogakker','annoeska.hoogakker@example.com','1966-07-01 08:25:40','(285)-035-9581','(443)-416-9712','https://randomuser.me/api/portraits/women/72.jpg','crazycat532','68372','7230 kintgenshaven','rheden','NL','evil','2018-03-20 16:24:51','2018-03-20 16:24:51',0),(529,'female','noemie','perez','noemie.perez@example.com','1950-01-02 10:41:54','(666)-668-4365','(630)-271-3723','https://randomuser.me/api/portraits/women/77.jpg','purpleelephant100','7821','2219 rue du village','lussy-sur-morges','CH','citizen','2018-03-20 16:24:52','2018-03-20 16:24:52',0),(530,'male','amit','jordans','amit.jordans@example.com','1980-02-13 09:35:34','(947)-886-3068','(573)-319-6546','https://randomuser.me/api/portraits/men/89.jpg','smalldog291','10419','3900 pieterskerkhof','werkendam','NL','brooke','2018-03-20 16:24:52','2018-03-20 16:24:52',0),(531,'female','?????','?????','?????.?????@example.com','1948-02-12 02:39:55','082-41206600','0929-834-8342','https://randomuser.me/api/portraits/women/17.jpg','organicdog375','68905','3452 ??? ???? ????? ??? ?????','????','IR','kuang','2018-03-20 16:24:52','2018-03-20 16:24:52',0),(532,'female','dircenéia','barros','dircenéia.barros@example.com','1972-06-15 16:52:57','(84) 1851-7725','(96) 5123-6520','https://randomuser.me/api/portraits/women/22.jpg','crazyfrog784','38304','4864 rua são joão ','nossa senhora do socorro','BR','hawaiian','2018-03-20 16:24:52','2018-03-20 16:24:52',0),(533,'male','armand','menard','armand.menard@example.com','1974-02-07 06:19:26','(562)-142-1291','(758)-425-7125','https://randomuser.me/api/portraits/men/94.jpg','yellowpanda347','6529','6012 rue de l\'abbé-roger-derry','lonay','CH','missouri','2018-03-20 16:24:52','2018-03-20 16:24:52',0),(534,'female','rosalie','link','rosalie.link@example.com','1977-11-19 17:25:29','0275-5788156','0171-7232243','https://randomuser.me/api/portraits/women/57.jpg','silverbutterfly215','19365','9326 burgstraße','göttingen','DE','gringo','2018-03-20 16:24:52','2018-03-20 16:24:52',0),(535,'female','sélène','mathieu','sélène.mathieu@example.com','1975-02-22 12:09:08','04-56-15-38-69','06-89-60-72-19','https://randomuser.me/api/portraits/women/17.jpg','goldenbutterfly147','97977','9551 rue de l\'abbaye','roubaix','FR','whitesox','2018-03-20 16:24:53','2018-03-20 16:24:53',0),(536,'female','concepcion','gallardo','concepcion.gallardo@example.com','1967-11-09 03:57:29','954-868-467','698-437-826','https://randomuser.me/api/portraits/women/74.jpg','ticklishbear352','73565','9951 paseo de zorrilla','parla','ES','cheryl','2018-03-20 16:24:53','2018-03-20 16:24:53',0),(537,'male','????','?????','????.?????@example.com','1964-11-20 17:42:07','022-94962965','0985-810-6214','https://randomuser.me/api/portraits/men/65.jpg','whitesnake921','21268','7695 ?????','?????','IR','single','2018-03-20 16:24:53','2018-03-20 16:24:53',0),(538,'female','monja','ganesh','monja.ganesh@example.com','1988-06-08 22:53:09','(553)-161-9264','(593)-234-2327','https://randomuser.me/api/portraits/women/30.jpg','goldenpanda864','28624','1898 korte minrebroederstraat','gorinchem','NL','squirrel','2018-03-20 16:24:53','2018-03-20 16:24:53',0),(539,'male','hugo','davies','hugo.davies@example.com','1957-04-27 07:57:56','(806)-920-0172','(953)-034-2838','https://randomuser.me/api/portraits/men/1.jpg','blackduck376','49511','2722 mt wellington highway','dunedin','NZ','tiger2','2018-03-20 16:24:53','2018-03-20 16:24:53',0),(540,'female','poppy','martin','poppy.martin@example.com','1959-06-24 23:51:04','(366)-881-2625','(147)-044-6785','https://randomuser.me/api/portraits/women/85.jpg','blackladybug974','72372','7256 colombo street','dunedin','NZ','chichi','2018-03-20 16:24:53','2018-03-20 16:24:53',0),(541,'male','teodemiro','moura','teodemiro.moura@example.com','1954-08-26 04:33:12','(64) 7483-0887','(22) 5991-8498','https://randomuser.me/api/portraits/men/41.jpg','tinylion902','74292','3362 rua tiradentes ','ribeirão das neves','BR','melody','2018-03-20 16:24:54','2018-03-20 16:24:54',0),(542,'male','harry','edwards','harry.edwards@example.com','1971-03-08 20:31:27','(835)-088-1016','(335)-543-4387','https://randomuser.me/api/portraits/men/89.jpg','lazybutterfly331','83425','8984 samaritan dr','victorville','US','rosemary','2018-03-20 16:24:54','2018-03-20 16:24:54',0),(543,'male','anton','christiansen','anton.christiansen@example.com','1986-12-29 03:26:24','77199495','67685788','https://randomuser.me/api/portraits/men/64.jpg','organickoala158','23384','8017 søndertoften','tisvilde','DK','bluefish','2018-03-20 16:24:54','2018-03-20 16:24:54',0),(544,'male','magnus','mortensen','magnus.mortensen@example.com','1972-08-09 08:26:27','85854920','20693350','https://randomuser.me/api/portraits/men/56.jpg','silverostrich792','84740','9548 smedevænget','st.merløse','DK','1812','2018-03-20 16:24:54','2018-03-20 16:24:54',0),(545,'male','ahmet','hartholt','ahmet.hartholt@example.com','1965-07-12 10:18:28','(479)-139-1182','(624)-662-9402','https://randomuser.me/api/portraits/men/32.jpg','yellowfrog335','65614','6693 ambachtstraat','nederweert','NL','redd','2018-03-20 16:24:54','2018-03-20 16:24:54',0),(546,'female','marie','perez','marie.perez@example.com','1968-05-03 11:45:23','03-03-56-19-01','06-84-78-76-28','https://randomuser.me/api/portraits/women/31.jpg','bluefish677','51603','5663 montée du chemin-neuf','besançon','FR','watford','2018-03-20 16:24:54','2018-03-20 16:24:54',0),(547,'female','caroline','ellis','caroline.ellis@example.com','1983-02-27 00:33:07','061-551-2113','081-707-4610','https://randomuser.me/api/portraits/women/78.jpg','heavymouse887','19495','8806 the avenue','killarney','IE','players','2018-03-20 16:24:55','2018-03-20 16:24:55',0),(548,'male','hugo','cano','hugo.cano@example.com','1955-04-11 19:16:21','978-388-523','639-416-690','https://randomuser.me/api/portraits/men/25.jpg','bigduck371','35869','3952 avenida de burgos','la palma','ES','dead','2018-03-20 16:24:55','2018-03-20 16:24:55',0),(549,'male','maurice','harper','maurice.harper@example.com','1961-10-29 21:50:39','02-8733-7477','0416-348-546','https://randomuser.me/api/portraits/men/72.jpg','redkoala888','9532','8449 white oak dr','maitland','AU','keeper','2018-03-20 16:24:55','2018-03-20 16:24:55',0),(550,'female','nalan','özkara','nalan.özkara@example.com','1967-08-20 04:02:33','(303)-530-6990','(974)-195-4556','https://randomuser.me/api/portraits/women/28.jpg','bigrabbit658','58698','2161 abanoz sk','eski?ehir','TR','hotstuff','2018-03-20 16:24:55','2018-03-20 16:24:55',0),(551,'male','joshua','graham','joshua.graham@example.com','1959-03-13 11:56:46','041-401-7183','081-260-4294','https://randomuser.me/api/portraits/men/41.jpg','smallswan538','52776','1567 new road','cobh','IE','rolling','2018-03-20 16:24:55','2018-03-20 16:24:55',0),(552,'female','kate','singh','kate.singh@example.com','1974-05-23 14:04:39','(542)-083-0284','(127)-068-7106','https://randomuser.me/api/portraits/women/68.jpg','biggoose732','16399','8927 great south road','dunedin','NZ','casper','2018-03-20 16:24:55','2018-03-20 16:24:55',0),(553,'male','bar??','aykaç','bar??.aykaç@example.com','1949-02-15 14:39:26','(472)-623-1365','(649)-885-7874','https://randomuser.me/api/portraits/men/65.jpg','redtiger213','89991','3165 abanoz sk','gümü?hane','TR','olivia','2018-03-20 16:24:55','2018-03-20 16:24:55',0);

/*!40101 SET SQL_MODE=@OLD_SQL_MODE */;
/*!40014 SET FOREIGN_KEY_CHECKS=@OLD_FOREIGN_KEY_CHECKS */;
/*!40014 SET UNIQUE_CHECKS=@OLD_UNIQUE_CHECKS */;
/*!40111 SET SQL_NOTES=@OLD_SQL_NOTES */;
