/*
SQLyog Ultimate v10.00 Beta1
MySQL - 5.5.5-10.1.31-MariaDB : Database - starcrossed
*********************************************************************
*/

/*!40101 SET NAMES utf8 */;

/*!40101 SET SQL_MODE=''*/;

/*!40014 SET @OLD_UNIQUE_CHECKS=@@UNIQUE_CHECKS, UNIQUE_CHECKS=0 */;
/*!40014 SET @OLD_FOREIGN_KEY_CHECKS=@@FOREIGN_KEY_CHECKS, FOREIGN_KEY_CHECKS=0 */;
/*!40101 SET @OLD_SQL_MODE=@@SQL_MODE, SQL_MODE='NO_AUTO_VALUE_ON_ZERO' */;
/*!40111 SET @OLD_SQL_NOTES=@@SQL_NOTES, SQL_NOTES=0 */;
CREATE DATABASE /*!32312 IF NOT EXISTS*/`starcrossed` /*!40100 DEFAULT CHARACTER SET latin1 */;

USE `starcrossed`;

/*Table structure for table `aspects` */

DROP TABLE IF EXISTS `aspects`;

CREATE TABLE `aspects` (
  `id` int(11) NOT NULL AUTO_INCREMENT,
  `name` varchar(12) DEFAULT NULL,
  `date_created` timestamp NULL DEFAULT NULL,
  `last_updated` timestamp NULL DEFAULT NULL,
  `version` tinyint(4) DEFAULT NULL,
  PRIMARY KEY (`id`)
) ENGINE=InnoDB AUTO_INCREMENT=14 DEFAULT CHARSET=latin1;

/*Data for the table `aspects` */

insert  into `aspects`(`id`,`name`,`date_created`,`last_updated`,`version`) values (1,'conjunct','2018-03-20 15:35:28','2018-03-20 15:35:28',0),(2,'trine','2018-03-20 15:35:28','2018-03-20 15:35:28',0),(3,'sextile','2018-03-20 15:35:28','2018-03-20 15:35:28',0),(4,'square','2018-03-20 15:35:28','2018-03-20 15:35:28',0),(5,'opposition','2018-03-20 15:35:28','2018-03-20 15:35:28',0),(6,'semi-square','2018-03-20 15:35:28','2018-03-20 15:35:28',0),(7,'in','2018-03-20 15:35:28','2018-03-20 15:35:28',0),(8,'aspect','2018-03-20 15:35:28','2018-03-20 15:35:28',0),(9,'to','2018-03-20 15:35:28','2018-03-20 15:35:28',0),(10,'opposite','2018-03-20 15:35:28','2018-03-20 15:35:28',0),(11,'Descendant','2018-03-20 15:35:28','2018-03-20 15:35:28',0),(12,'Ascendant','2018-03-20 15:35:28','2018-03-20 15:35:28',0),(13,'conjunction','2018-03-20 15:35:28','2018-03-20 15:35:28',0);

/*Table structure for table `entities` */

DROP TABLE IF EXISTS `entities`;

CREATE TABLE `entities` (
  `id` int(11) NOT NULL AUTO_INCREMENT,
  `name` varchar(24) DEFAULT NULL,
  `date_created` timestamp NULL DEFAULT NULL,
  `last_updated` timestamp NULL DEFAULT NULL,
  `version` tinyint(4) DEFAULT NULL,
  PRIMARY KEY (`id`)
) ENGINE=InnoDB AUTO_INCREMENT=24 DEFAULT CHARSET=latin1;

/*Data for the table `entities` */

insert  into `entities`(`id`,`name`,`date_created`,`last_updated`,`version`) values (1,'Sun','2018-03-20 15:35:28','2018-03-20 15:35:28',0),(2,'Moon','2018-03-20 15:35:28','2018-03-20 15:35:28',0),(3,'Mercury','2018-03-20 15:35:28','2018-03-20 15:35:28',0),(4,'Venus','2018-03-20 15:35:28','2018-03-20 15:35:28',0),(5,'Mars','2018-03-20 15:35:28','2018-03-20 15:35:28',0),(6,'Jupiter','2018-03-20 15:35:28','2018-03-20 15:35:28',0),(7,'Saturn','2018-03-20 15:35:28','2018-03-20 15:35:28',0),(8,'Uranus','2018-03-20 15:35:28','2018-03-20 15:35:28',0),(9,'Neptune','2018-03-20 15:35:28','2018-03-20 15:35:28',0),(10,'Pluto','2018-03-20 15:35:28','2018-03-20 15:35:28',0),(11,'Chiron','2018-03-20 15:35:28','2018-03-20 15:35:28',0),(12,'Ascendant','2018-03-20 15:35:28','2018-03-20 15:35:28',0),(13,'Descendant','2018-03-20 15:35:28','2018-03-20 15:35:28',0),(14,'IC','2018-03-20 15:35:28','2018-03-20 15:35:28',0),(15,'Vertex','2018-03-20 15:35:28','2018-03-20 15:35:28',0),(16,'North-Node','2018-03-20 15:35:28','2018-03-20 15:35:28',0),(17,'South-Node','2018-03-20 15:35:28','2018-03-20 15:35:28',0),(18,'Nodes-of-Moon','2018-03-20 15:35:28','2018-03-20 15:35:28',0),(19,'Sun-Moon-Midpoint','2018-03-20 15:35:28','2018-03-20 15:35:28',0),(20,'7th','2018-03-20 15:35:28','2018-03-20 15:35:28',0),(21,'1st','2018-03-20 15:35:28','2018-03-20 15:35:28',0),(22,'MC','2018-03-20 15:35:28','2018-03-20 15:35:28',0),(23,'Any-Node-of-Moon','2018-03-20 15:35:28','2018-03-20 15:35:28',0);

/*Table structure for table `entity_relationships` */

DROP TABLE IF EXISTS `entity_relationships`;

CREATE TABLE `entity_relationships` (
  `id` int(11) NOT NULL AUTO_INCREMENT,
  `entity_id` int(11) DEFAULT NULL,
  `aspect_id` int(11) DEFAULT NULL,
  `entity2_id` int(11) DEFAULT NULL,
  `score` tinyint(4) DEFAULT NULL,
  `date_created` timestamp NOT NULL DEFAULT CURRENT_TIMESTAMP ON UPDATE CURRENT_TIMESTAMP,
  `last_updated` timestamp NOT NULL DEFAULT '0000-00-00 00:00:00',
  `version` tinyint(4) DEFAULT NULL,
  PRIMARY KEY (`id`)
) ENGINE=InnoDB AUTO_INCREMENT=357 DEFAULT CHARSET=latin1;

/*Data for the table `entity_relationships` */

insert  into `entity_relationships`(`id`,`entity_id`,`aspect_id`,`entity2_id`,`score`,`date_created`,`last_updated`,`version`) values (1,1,1,1,1,'2018-03-20 15:35:28','2018-03-20 15:35:28',0),(2,1,2,1,3,'2018-03-20 15:35:28','2018-03-20 15:35:28',0),(3,1,3,1,3,'2018-03-20 15:35:28','2018-03-20 15:35:28',0),(4,1,4,1,-2,'2018-03-20 15:35:28','2018-03-20 15:35:28',0),(5,1,5,1,2,'2018-03-20 15:35:28','2018-03-20 15:35:28',0),(6,1,1,2,3,'2018-03-20 15:35:28','2018-03-20 15:35:28',0),(7,1,2,2,3,'2018-03-20 15:35:28','2018-03-20 15:35:28',0),(8,1,3,2,3,'2018-03-20 15:35:28','2018-03-20 15:35:28',0),(9,1,4,2,-3,'2018-03-20 15:35:28','2018-03-20 15:35:28',0),(10,1,5,2,2,'2018-03-20 15:35:28','2018-03-20 15:35:28',0),(11,1,1,3,2,'2018-03-20 15:35:28','2018-03-20 15:35:28',0),(12,1,3,3,2,'2018-03-20 15:35:28','2018-03-20 15:35:28',0),(13,1,2,3,2,'2018-03-20 15:35:28','2018-03-20 15:35:28',0),(14,1,4,3,-1,'2018-03-20 15:35:28','2018-03-20 15:35:28',0),(15,1,5,3,-1,'2018-03-20 15:35:28','2018-03-20 15:35:28',0),(16,1,1,4,3,'2018-03-20 15:35:28','2018-03-20 15:35:28',0),(17,1,2,4,3,'2018-03-20 15:35:28','2018-03-20 15:35:28',0),(18,1,3,4,2,'2018-03-20 15:35:28','2018-03-20 15:35:28',0),(19,1,4,4,-1,'2018-03-20 15:35:28','2018-03-20 15:35:28',0),(20,1,5,4,-1,'2018-03-20 15:35:28','2018-03-20 15:35:28',0),(21,1,1,5,2,'2018-03-20 15:35:28','2018-03-20 15:35:28',0),(22,1,2,5,3,'2018-03-20 15:35:28','2018-03-20 15:35:28',0),(23,1,3,5,3,'2018-03-20 15:35:28','2018-03-20 15:35:28',0),(24,1,4,5,-2,'2018-03-20 15:35:28','2018-03-20 15:35:28',0),(25,1,5,5,-2,'2018-03-20 15:35:28','2018-03-20 15:35:28',0),(26,1,1,6,3,'2018-03-20 15:35:28','2018-03-20 15:35:28',0),(27,1,3,6,3,'2018-03-20 15:35:28','2018-03-20 15:35:28',0),(28,1,2,6,3,'2018-03-20 15:35:28','2018-03-20 15:35:28',0),(29,1,4,6,1,'2018-03-20 15:35:28','2018-03-20 15:35:28',0),(30,1,5,6,1,'2018-03-20 15:35:28','2018-03-20 15:35:28',0),(31,1,3,7,3,'2018-03-20 15:35:28','2018-03-20 15:35:28',0),(32,1,2,7,3,'2018-03-20 15:35:28','2018-03-20 15:35:28',0),(33,1,1,7,-2,'2018-03-20 15:35:28','2018-03-20 15:35:28',0),(34,1,4,7,-2,'2018-03-20 15:35:28','2018-03-20 15:35:28',0),(35,1,5,7,-2,'2018-03-20 15:35:28','2018-03-20 15:35:28',0),(36,1,3,8,2,'2018-03-20 15:35:28','2018-03-20 15:35:28',0),(37,1,2,8,2,'2018-03-20 15:35:28','2018-03-20 15:35:28',0),(38,1,1,8,-1,'2018-03-20 15:35:28','2018-03-20 15:35:28',0),(39,1,4,8,-1,'2018-03-20 15:35:28','2018-03-20 15:35:28',0),(40,1,5,8,-1,'2018-03-20 15:35:28','2018-03-20 15:35:28',0),(41,1,1,9,-2,'2018-03-20 15:35:28','2018-03-20 15:35:28',0),(42,1,4,9,-2,'2018-03-20 15:35:28','2018-03-20 15:35:28',0),(43,1,5,9,-2,'2018-03-20 15:35:28','2018-03-20 15:35:28',0),(44,1,3,9,1,'2018-03-20 15:35:28','2018-03-20 15:35:28',0),(45,1,2,9,1,'2018-03-20 15:35:28','2018-03-20 15:35:28',0),(46,1,1,10,1,'2018-03-20 15:35:28','2018-03-20 15:35:28',0),(47,1,3,10,1,'2018-03-20 15:35:28','2018-03-20 15:35:28',0),(48,1,2,10,1,'2018-03-20 15:35:28','2018-03-20 15:35:28',0),(49,1,4,10,-2,'2018-03-20 15:35:28','2018-03-20 15:35:28',0),(50,1,5,10,-2,'2018-03-20 15:35:28','2018-03-20 15:35:28',0),(51,1,1,11,3,'2018-03-20 15:35:28','2018-03-20 15:35:28',0),(52,1,2,11,3,'2018-03-20 15:35:28','2018-03-20 15:35:28',0),(53,1,3,11,3,'2018-03-20 15:35:28','2018-03-20 15:35:28',0),(54,1,1,12,3,'2018-03-20 15:35:28','2018-03-20 15:35:28',0),(55,1,3,12,2,'2018-03-20 15:35:28','2018-03-20 15:35:28',0),(56,1,2,12,2,'2018-03-20 15:35:28','2018-03-20 15:35:28',0),(57,1,4,12,-2,'2018-03-20 15:35:28','2018-03-20 15:35:28',0),(58,1,1,13,4,'2018-03-20 15:35:28','2018-03-20 15:35:28',0),(59,1,1,14,2,'2018-03-20 15:35:28','2018-03-20 15:35:28',0),(60,1,1,15,4,'2018-03-20 15:35:28','2018-03-20 15:35:28',0),(61,1,5,15,4,'2018-03-20 15:35:28','2018-03-20 15:35:28',0),(62,1,1,16,4,'2018-03-20 15:35:28','2018-03-20 15:35:28',0),(63,1,1,17,3,'2018-03-20 15:35:28','2018-03-20 15:35:28',0),(64,1,3,18,2,'2018-03-20 15:35:28','2018-03-20 15:35:28',0),(65,1,2,18,2,'2018-03-20 15:35:28','2018-03-20 15:35:28',0),(66,1,4,18,2,'2018-03-20 15:35:28','2018-03-20 15:35:28',0),(67,1,1,19,4,'2018-03-20 15:35:28','2018-03-20 15:35:28',0),(68,1,4,19,4,'2018-03-20 15:35:28','2018-03-20 15:35:28',0),(69,1,5,19,4,'2018-03-20 15:35:28','2018-03-20 15:35:28',0),(70,1,6,19,4,'2018-03-20 15:35:28','2018-03-20 15:35:28',0),(71,1,7,20,4,'2018-03-20 15:35:28','2018-03-20 15:35:28',0),(72,1,7,21,3,'2018-03-20 15:35:28','2018-03-20 15:35:28',0),(73,2,1,2,3,'2018-03-20 15:35:28','2018-03-20 15:35:28',0),(74,2,3,2,3,'2018-03-20 15:35:28','2018-03-20 15:35:28',0),(75,2,2,2,3,'2018-03-20 15:35:28','2018-03-20 15:35:28',0),(76,2,4,2,-3,'2018-03-20 15:35:28','2018-03-20 15:35:28',0),(77,2,5,2,1,'2018-03-20 15:35:28','2018-03-20 15:35:28',0),(78,2,1,3,2,'2018-03-20 15:35:28','2018-03-20 15:35:28',0),(79,2,3,3,2,'2018-03-20 15:35:28','2018-03-20 15:35:28',0),(80,2,2,3,2,'2018-03-20 15:35:28','2018-03-20 15:35:28',0),(81,2,4,3,-2,'2018-03-20 15:35:28','2018-03-20 15:35:28',0),(82,2,5,3,-2,'2018-03-20 15:35:28','2018-03-20 15:35:28',0),(83,2,1,4,3,'2018-03-20 15:35:28','2018-03-20 15:35:28',0),(84,2,3,4,3,'2018-03-20 15:35:28','2018-03-20 15:35:28',0),(85,2,2,4,3,'2018-03-20 15:35:28','2018-03-20 15:35:28',0),(86,2,4,4,1,'2018-03-20 15:35:28','2018-03-20 15:35:28',0),(87,2,5,4,1,'2018-03-20 15:35:28','2018-03-20 15:35:28',0),(88,2,1,5,-1,'2018-03-20 15:35:28','2018-03-20 15:35:28',0),(89,2,3,5,3,'2018-03-20 15:35:28','2018-03-20 15:35:28',0),(90,2,2,5,3,'2018-03-20 15:35:28','2018-03-20 15:35:28',0),(91,2,4,5,-3,'2018-03-20 15:35:28','2018-03-20 15:35:28',0),(92,2,5,5,-2,'2018-03-20 15:35:28','2018-03-20 15:35:28',0),(93,2,1,6,3,'2018-03-20 15:35:28','2018-03-20 15:35:28',0),(94,2,3,6,3,'2018-03-20 15:35:28','2018-03-20 15:35:28',0),(95,2,2,6,3,'2018-03-20 15:35:28','2018-03-20 15:35:28',0),(96,2,4,6,1,'2018-03-20 15:35:28','2018-03-20 15:35:28',0),(97,2,5,6,1,'2018-03-20 15:35:28','2018-03-20 15:35:28',0),(98,2,3,7,3,'2018-03-20 15:35:28','2018-03-20 15:35:28',0),(99,2,2,7,3,'2018-03-20 15:35:28','2018-03-20 15:35:28',0),(100,2,4,7,-4,'2018-03-20 15:35:28','2018-03-20 15:35:28',0),(101,2,1,7,-3,'2018-03-20 15:35:28','2018-03-20 15:35:28',0),(102,2,5,7,-3,'2018-03-20 15:35:28','2018-03-20 15:35:28',0),(103,2,1,8,-1,'2018-03-20 15:35:28','2018-03-20 15:35:28',0),(104,2,3,8,2,'2018-03-20 15:35:28','2018-03-20 15:35:28',0),(105,2,2,8,2,'2018-03-20 15:35:28','2018-03-20 15:35:28',0),(106,2,4,8,-2,'2018-03-20 15:35:28','2018-03-20 15:35:28',0),(107,2,5,8,-2,'2018-03-20 15:35:28','2018-03-20 15:35:28',0),(108,2,1,9,1,'2018-03-20 15:35:28','2018-03-20 15:35:28',0),(109,2,3,9,2,'2018-03-20 15:35:28','2018-03-20 15:35:28',0),(110,2,2,9,2,'2018-03-20 15:35:28','2018-03-20 15:35:28',0),(111,2,4,9,-3,'2018-03-20 15:35:28','2018-03-20 15:35:28',0),(112,2,5,9,-3,'2018-03-20 15:35:28','2018-03-20 15:35:28',0),(113,2,1,10,1,'2018-03-20 15:35:28','2018-03-20 15:35:28',0),(114,2,3,10,2,'2018-03-20 15:35:28','2018-03-20 15:35:28',0),(115,2,2,10,2,'2018-03-20 15:35:28','2018-03-20 15:35:28',0),(116,2,4,10,-3,'2018-03-20 15:35:28','2018-03-20 15:35:28',0),(117,2,5,10,-3,'2018-03-20 15:35:28','2018-03-20 15:35:28',0),(118,2,1,11,3,'2018-03-20 15:35:28','2018-03-20 15:35:28',0),(119,2,2,11,3,'2018-03-20 15:35:28','2018-03-20 15:35:28',0),(120,2,3,11,3,'2018-03-20 15:35:28','2018-03-20 15:35:28',0),(121,2,1,12,3,'2018-03-20 15:35:28','2018-03-20 15:35:28',0),(122,2,3,12,3,'2018-03-20 15:35:28','2018-03-20 15:35:28',0),(123,2,2,12,3,'2018-03-20 15:35:28','2018-03-20 15:35:28',0),(124,2,4,12,-2,'2018-03-20 15:35:28','2018-03-20 15:35:28',0),(125,2,1,13,4,'2018-03-20 15:35:28','2018-03-20 15:35:28',0),(126,2,1,14,3,'2018-03-20 15:35:28','2018-03-20 15:35:28',0),(127,2,1,15,4,'2018-03-20 15:35:28','2018-03-20 15:35:28',0),(128,2,5,15,4,'2018-03-20 15:35:28','2018-03-20 15:35:28',0),(129,2,1,16,4,'2018-03-20 15:35:28','2018-03-20 15:35:28',0),(130,2,1,17,3,'2018-03-20 15:35:28','2018-03-20 15:35:28',0),(131,2,2,18,2,'2018-03-20 15:35:28','2018-03-20 15:35:28',0),(132,2,3,18,2,'2018-03-20 15:35:28','2018-03-20 15:35:28',0),(133,2,4,18,2,'2018-03-20 15:35:28','2018-03-20 15:35:28',0),(134,2,1,19,4,'2018-03-20 15:35:28','2018-03-20 15:35:28',0),(135,2,6,19,4,'2018-03-20 15:35:28','2018-03-20 15:35:28',0),(136,2,4,19,4,'2018-03-20 15:35:28','2018-03-20 15:35:28',0),(137,2,5,19,4,'2018-03-20 15:35:28','2018-03-20 15:35:28',0),(138,2,7,20,3,'2018-03-20 15:35:28','2018-03-20 15:35:28',0),(139,2,7,21,3,'2018-03-20 15:35:28','2018-03-20 15:35:28',0),(140,3,3,3,2,'2018-03-20 15:35:28','2018-03-20 15:35:28',0),(141,3,1,3,2,'2018-03-20 15:35:28','2018-03-20 15:35:28',0),(142,3,2,3,2,'2018-03-20 15:35:28','2018-03-20 15:35:28',0),(143,3,4,3,-4,'2018-03-20 15:35:28','2018-03-20 15:35:28',0),(144,3,5,3,-2,'2018-03-20 15:35:28','2018-03-20 15:35:28',0),(145,3,1,4,2,'2018-03-20 15:35:28','2018-03-20 15:35:28',0),(146,3,3,4,2,'2018-03-20 15:35:28','2018-03-20 15:35:28',0),(147,3,2,4,2,'2018-03-20 15:35:28','2018-03-20 15:35:28',0),(148,3,4,4,-1,'2018-03-20 15:35:28','2018-03-20 15:35:28',0),(149,3,5,4,-1,'2018-03-20 15:35:28','2018-03-20 15:35:28',0),(150,3,1,5,-1,'2018-03-20 15:35:28','2018-03-20 15:35:28',0),(151,3,3,5,2,'2018-03-20 15:35:28','2018-03-20 15:35:28',0),(152,3,2,5,2,'2018-03-20 15:35:28','2018-03-20 15:35:28',0),(153,3,4,5,-2,'2018-03-20 15:35:28','2018-03-20 15:35:28',0),(154,3,5,5,-2,'2018-03-20 15:35:28','2018-03-20 15:35:28',0),(155,3,1,6,3,'2018-03-20 15:35:28','2018-03-20 15:35:28',0),(156,3,3,6,3,'2018-03-20 15:35:28','2018-03-20 15:35:28',0),(157,3,2,6,3,'2018-03-20 15:35:28','2018-03-20 15:35:28',0),(158,3,4,6,1,'2018-03-20 15:35:28','2018-03-20 15:35:28',0),(159,3,5,6,1,'2018-03-20 15:35:28','2018-03-20 15:35:28',0),(160,3,1,7,-2,'2018-03-20 15:35:28','2018-03-20 15:35:28',0),(161,3,4,7,-2,'2018-03-20 15:35:28','2018-03-20 15:35:28',0),(162,3,5,7,-2,'2018-03-20 15:35:28','2018-03-20 15:35:28',0),(163,3,3,7,1,'2018-03-20 15:35:28','2018-03-20 15:35:28',0),(164,3,2,7,1,'2018-03-20 15:35:28','2018-03-20 15:35:28',0),(165,3,7,8,1,'2018-03-20 15:35:28','2018-03-20 15:35:28',0),(166,3,8,8,1,'2018-03-20 15:35:28','2018-03-20 15:35:28',0),(167,3,9,8,1,'2018-03-20 15:35:28','2018-03-20 15:35:28',0),(168,3,3,9,1,'2018-03-20 15:35:28','2018-03-20 15:35:28',0),(169,3,2,9,1,'2018-03-20 15:35:28','2018-03-20 15:35:28',0),(170,3,4,9,-3,'2018-03-20 15:35:28','2018-03-20 15:35:28',0),(171,3,5,9,-3,'2018-03-20 15:35:28','2018-03-20 15:35:28',0),(172,3,7,10,1,'2018-03-20 15:35:28','2018-03-20 15:35:28',0),(173,3,8,10,1,'2018-03-20 15:35:28','2018-03-20 15:35:28',0),(174,3,9,10,1,'2018-03-20 15:35:28','2018-03-20 15:35:28',0),(175,3,1,12,2,'2018-03-20 15:35:28','2018-03-20 15:35:28',0),(176,3,3,12,1,'2018-03-20 15:35:28','2018-03-20 15:35:28',0),(177,3,2,12,1,'2018-03-20 15:35:28','2018-03-20 15:35:28',0),(178,3,4,12,-1,'2018-03-20 15:35:28','2018-03-20 15:35:28',0),(179,3,1,13,2,'2018-03-20 15:35:28','2018-03-20 15:35:28',0),(180,3,1,14,2,'2018-03-20 15:35:28','2018-03-20 15:35:28',0),(181,3,1,22,2,'2018-03-20 15:35:28','2018-03-20 15:35:28',0),(182,3,1,15,1,'2018-03-20 15:35:28','2018-03-20 15:35:28',0),(183,3,5,15,1,'2018-03-20 15:35:28','2018-03-20 15:35:28',0),(184,3,7,18,1,'2018-03-20 15:35:28','2018-03-20 15:35:28',0),(185,3,8,18,1,'2018-03-20 15:35:28','2018-03-20 15:35:28',0),(186,3,9,18,1,'2018-03-20 15:35:28','2018-03-20 15:35:28',0),(187,4,1,4,3,'2018-03-20 15:35:28','2018-03-20 15:35:28',0),(188,4,3,4,3,'2018-03-20 15:35:28','2018-03-20 15:35:28',0),(189,4,2,4,3,'2018-03-20 15:35:28','2018-03-20 15:35:28',0),(190,4,5,4,3,'2018-03-20 15:35:28','2018-03-20 15:35:28',0),(191,4,4,4,1,'2018-03-20 15:35:28','2018-03-20 15:35:28',0),(192,4,1,5,3,'2018-03-20 15:35:28','2018-03-20 15:35:28',0),(193,4,3,5,3,'2018-03-20 15:35:28','2018-03-20 15:35:28',0),(194,4,2,5,3,'2018-03-20 15:35:28','2018-03-20 15:35:28',0),(195,4,4,5,2,'2018-03-20 15:35:28','2018-03-20 15:35:28',0),(196,4,5,5,2,'2018-03-20 15:35:28','2018-03-20 15:35:28',0),(197,4,1,6,3,'2018-03-20 15:35:28','2018-03-20 15:35:28',0),(198,4,2,6,2,'2018-03-20 15:35:28','2018-03-20 15:35:28',0),(199,4,3,6,2,'2018-03-20 15:35:28','2018-03-20 15:35:28',0),(200,4,4,6,1,'2018-03-20 15:35:28','2018-03-20 15:35:28',0),(201,4,10,6,1,'2018-03-20 15:35:28','2018-03-20 15:35:28',0),(202,4,1,7,2,'2018-03-20 15:35:28','2018-03-20 15:35:28',0),(203,4,3,7,3,'2018-03-20 15:35:28','2018-03-20 15:35:28',0),(204,4,2,7,3,'2018-03-20 15:35:28','2018-03-20 15:35:28',0),(205,4,4,7,-4,'2018-03-20 15:35:28','2018-03-20 15:35:28',0),(206,4,5,7,-3,'2018-03-20 15:35:28','2018-03-20 15:35:28',0),(207,4,1,8,1,'2018-03-20 15:35:28','2018-03-20 15:35:28',0),(208,4,3,8,2,'2018-03-20 15:35:28','2018-03-20 15:35:28',0),(209,4,2,8,2,'2018-03-20 15:35:28','2018-03-20 15:35:28',0),(210,4,4,8,-2,'2018-03-20 15:35:28','2018-03-20 15:35:28',0),(211,4,5,8,-2,'2018-03-20 15:35:28','2018-03-20 15:35:28',0),(212,4,1,9,2,'2018-03-20 15:35:28','2018-03-20 15:35:28',0),(213,4,2,9,2,'2018-03-20 15:35:28','2018-03-20 15:35:28',0),(214,4,3,9,2,'2018-03-20 15:35:28','2018-03-20 15:35:28',0),(215,4,4,9,-3,'2018-03-20 15:35:28','2018-03-20 15:35:28',0),(216,4,5,9,-3,'2018-03-20 15:35:28','2018-03-20 15:35:28',0),(217,4,1,10,2,'2018-03-20 15:35:28','2018-03-20 15:35:28',0),(218,4,2,10,2,'2018-03-20 15:35:28','2018-03-20 15:35:28',0),(219,4,3,10,2,'2018-03-20 15:35:28','2018-03-20 15:35:28',0),(220,4,4,10,-2,'2018-03-20 15:35:28','2018-03-20 15:35:28',0),(221,4,5,10,-2,'2018-03-20 15:35:28','2018-03-20 15:35:28',0),(222,4,1,11,3,'2018-03-20 15:35:28','2018-03-20 15:35:28',0),(223,4,2,11,3,'2018-03-20 15:35:28','2018-03-20 15:35:28',0),(224,4,3,11,3,'2018-03-20 15:35:28','2018-03-20 15:35:28',0),(225,4,1,12,3,'2018-03-20 15:35:28','2018-03-20 15:35:28',0),(226,4,3,12,2,'2018-03-20 15:35:28','2018-03-20 15:35:28',0),(227,4,2,12,2,'2018-03-20 15:35:28','2018-03-20 15:35:28',0),(228,4,4,12,1,'2018-03-20 15:35:28','2018-03-20 15:35:28',0),(229,4,1,13,3,'2018-03-20 15:35:28','2018-03-20 15:35:28',0),(230,4,1,14,2,'2018-03-20 15:35:28','2018-03-20 15:35:28',0),(231,4,1,22,2,'2018-03-20 15:35:28','2018-03-20 15:35:28',0),(232,4,1,15,2,'2018-03-20 15:35:28','2018-03-20 15:35:28',0),(233,4,5,15,2,'2018-03-20 15:35:28','2018-03-20 15:35:28',0),(234,4,7,18,2,'2018-03-20 15:35:28','2018-03-20 15:35:28',0),(235,4,8,18,2,'2018-03-20 15:35:28','2018-03-20 15:35:28',0),(236,4,9,18,2,'2018-03-20 15:35:28','2018-03-20 15:35:28',0),(237,4,1,19,3,'2018-03-20 15:35:28','2018-03-20 15:35:28',0),(238,4,6,19,3,'2018-03-20 15:35:28','2018-03-20 15:35:28',0),(239,4,4,19,3,'2018-03-20 15:35:28','2018-03-20 15:35:28',0),(240,4,5,19,3,'2018-03-20 15:35:28','2018-03-20 15:35:28',0),(241,4,7,21,2,'2018-03-20 15:35:28','2018-03-20 15:35:28',0),(242,4,7,20,3,'2018-03-20 15:35:28','2018-03-20 15:35:28',0),(243,5,1,5,2,'2018-03-20 15:35:28','2018-03-20 15:35:28',0),(244,5,3,5,2,'2018-03-20 15:35:28','2018-03-20 15:35:28',0),(245,5,2,5,2,'2018-03-20 15:35:28','2018-03-20 15:35:28',0),(246,5,4,5,-2,'2018-03-20 15:35:28','2018-03-20 15:35:28',0),(247,5,5,5,-2,'2018-03-20 15:35:28','2018-03-20 15:35:28',0),(248,5,7,6,2,'2018-03-20 15:35:28','2018-03-20 15:35:28',0),(249,5,8,6,2,'2018-03-20 15:35:28','2018-03-20 15:35:28',0),(250,5,9,6,2,'2018-03-20 15:35:28','2018-03-20 15:35:28',0),(251,5,4,7,-4,'2018-03-20 15:35:28','2018-03-20 15:35:28',0),(252,5,5,7,-4,'2018-03-20 15:35:28','2018-03-20 15:35:28',0),(253,5,1,7,-3,'2018-03-20 15:35:28','2018-03-20 15:35:28',0),(254,5,3,7,1,'2018-03-20 15:35:28','2018-03-20 15:35:28',0),(255,5,2,7,1,'2018-03-20 15:35:28','2018-03-20 15:35:28',0),(256,5,1,8,1,'2018-03-20 15:35:28','2018-03-20 15:35:28',0),(257,5,3,8,1,'2018-03-20 15:35:28','2018-03-20 15:35:28',0),(258,5,2,8,1,'2018-03-20 15:35:28','2018-03-20 15:35:28',0),(259,5,4,8,-2,'2018-03-20 15:35:28','2018-03-20 15:35:28',0),(260,5,5,8,-2,'2018-03-20 15:35:28','2018-03-20 15:35:28',0),(261,5,3,9,1,'2018-03-20 15:35:28','2018-03-20 15:35:28',0),(262,5,2,9,1,'2018-03-20 15:35:28','2018-03-20 15:35:28',0),(263,5,1,9,-2,'2018-03-20 15:35:28','2018-03-20 15:35:28',0),(264,5,4,9,-2,'2018-03-20 15:35:28','2018-03-20 15:35:28',0),(265,5,5,9,-2,'2018-03-20 15:35:28','2018-03-20 15:35:28',0),(266,5,1,10,2,'2018-03-20 15:35:28','2018-03-20 15:35:28',0),(267,5,2,10,2,'2018-03-20 15:35:28','2018-03-20 15:35:28',0),(268,5,3,10,2,'2018-03-20 15:35:28','2018-03-20 15:35:28',0),(269,5,4,10,-3,'2018-03-20 15:35:28','2018-03-20 15:35:28',0),(270,5,5,10,-3,'2018-03-20 15:35:28','2018-03-20 15:35:28',0),(271,5,1,12,2,'2018-03-20 15:35:28','2018-03-20 15:35:28',0),(272,5,3,12,2,'2018-03-20 15:35:28','2018-03-20 15:35:28',0),(273,5,2,12,2,'2018-03-20 15:35:28','2018-03-20 15:35:28',0),(274,5,4,12,-1,'2018-03-20 15:35:28','2018-03-20 15:35:28',0),(275,5,1,13,2,'2018-03-20 15:35:28','2018-03-20 15:35:28',0),(276,5,1,15,2,'2018-03-20 15:35:28','2018-03-20 15:35:28',0),(277,5,5,15,2,'2018-03-20 15:35:28','2018-03-20 15:35:28',0),(278,5,7,18,1,'2018-03-20 15:35:28','2018-03-20 15:35:28',0),(279,5,8,18,1,'2018-03-20 15:35:28','2018-03-20 15:35:28',0),(280,5,9,18,1,'2018-03-20 15:35:28','2018-03-20 15:35:28',0),(281,5,1,19,3,'2018-03-20 15:35:28','2018-03-20 15:35:28',0),(282,5,6,19,3,'2018-03-20 15:35:28','2018-03-20 15:35:28',0),(283,5,4,19,3,'2018-03-20 15:35:28','2018-03-20 15:35:28',0),(284,5,5,19,3,'2018-03-20 15:35:28','2018-03-20 15:35:28',0),(285,6,7,6,2,'2018-03-20 15:35:28','2018-03-20 15:35:28',0),(286,6,8,6,2,'2018-03-20 15:35:28','2018-03-20 15:35:28',0),(287,6,9,6,2,'2018-03-20 15:35:28','2018-03-20 15:35:28',0),(288,6,1,7,1,'2018-03-20 15:35:28','2018-03-20 15:35:28',0),(289,6,3,7,1,'2018-03-20 15:35:28','2018-03-20 15:35:28',0),(290,6,2,7,1,'2018-03-20 15:35:28','2018-03-20 15:35:28',0),(291,6,4,7,-1,'2018-03-20 15:35:28','2018-03-20 15:35:28',0),(292,6,5,7,-1,'2018-03-20 15:35:28','2018-03-20 15:35:28',0),(293,6,7,8,1,'2018-03-20 15:35:28','2018-03-20 15:35:28',0),(294,6,8,8,1,'2018-03-20 15:35:28','2018-03-20 15:35:28',0),(295,6,9,8,1,'2018-03-20 15:35:28','2018-03-20 15:35:28',0),(296,6,1,9,1,'2018-03-20 15:35:28','2018-03-20 15:35:28',0),(297,6,3,9,1,'2018-03-20 15:35:28','2018-03-20 15:35:28',0),(298,6,2,9,1,'2018-03-20 15:35:28','2018-03-20 15:35:28',0),(299,6,4,9,-1,'2018-03-20 15:35:28','2018-03-20 15:35:28',0),(300,6,5,9,-1,'2018-03-20 15:35:28','2018-03-20 15:35:28',0),(301,6,1,10,1,'2018-03-20 15:35:28','2018-03-20 15:35:28',0),(302,6,2,10,1,'2018-03-20 15:35:28','2018-03-20 15:35:28',0),(303,6,3,10,1,'2018-03-20 15:35:28','2018-03-20 15:35:28',0),(304,6,4,10,-1,'2018-03-20 15:35:28','2018-03-20 15:35:28',0),(305,6,5,10,-1,'2018-03-20 15:35:28','2018-03-20 15:35:28',0),(306,6,1,12,2,'2018-03-20 15:35:28','2018-03-20 15:35:28',0),(307,6,3,12,1,'2018-03-20 15:35:28','2018-03-20 15:35:28',0),(308,6,2,12,1,'2018-03-20 15:35:28','2018-03-20 15:35:28',0),(309,6,4,12,1,'2018-03-20 15:35:28','2018-03-20 15:35:28',0),(310,6,1,13,2,'2018-03-20 15:35:28','2018-03-20 15:35:28',0),(311,6,1,15,2,'2018-03-20 15:35:28','2018-03-20 15:35:28',0),(312,6,5,15,2,'2018-03-20 15:35:28','2018-03-20 15:35:28',0),(313,6,7,18,1,'2018-03-20 15:35:28','2018-03-20 15:35:28',0),(314,6,8,18,1,'2018-03-20 15:35:28','2018-03-20 15:35:28',0),(315,6,9,18,1,'2018-03-20 15:35:28','2018-03-20 15:35:28',0),(316,6,7,20,2,'2018-03-20 15:35:28','2018-03-20 15:35:28',0),(317,7,3,7,1,'2018-03-20 15:35:28','2018-03-20 15:35:28',0),(318,7,2,7,1,'2018-03-20 15:35:28','2018-03-20 15:35:28',0),(319,7,4,7,-1,'2018-03-20 15:35:28','2018-03-20 15:35:28',0),(320,7,5,7,-1,'2018-03-20 15:35:28','2018-03-20 15:35:28',0),(321,7,1,12,-2,'2018-03-20 15:35:28','2018-03-20 15:35:28',0),(322,7,4,12,-2,'2018-03-20 15:35:28','2018-03-20 15:35:28',0),(323,7,5,12,-2,'2018-03-20 15:35:28','2018-03-20 15:35:28',0),(324,7,3,12,1,'2018-03-20 15:35:28','2018-03-20 15:35:28',0),(325,7,2,12,1,'2018-03-20 15:35:28','2018-03-20 15:35:28',0),(326,7,1,15,-2,'2018-03-20 15:35:28','2018-03-20 15:35:28',0),(327,7,5,15,-2,'2018-03-20 15:35:28','2018-03-20 15:35:28',0),(328,7,1,18,-2,'2018-03-20 15:35:28','2018-03-20 15:35:28',0),(329,7,4,18,-2,'2018-03-20 15:35:28','2018-03-20 15:35:28',0),(330,8,1,15,-3,'2018-03-20 15:35:28','2018-03-20 15:35:28',0),(331,8,11,15,-3,'2018-03-20 15:35:28','2018-03-20 15:35:28',0),(332,9,1,15,-2,'2018-03-20 15:35:28','2018-03-20 15:35:28',0),(333,9,11,15,-2,'2018-03-20 15:35:28','2018-03-20 15:35:28',0),(334,9,12,15,-2,'2018-03-20 15:35:28','2018-03-20 15:35:28',0),(335,10,1,15,1,'2018-03-20 15:35:28','2018-03-20 15:35:28',0),(336,10,11,15,1,'2018-03-20 15:35:28','2018-03-20 15:35:28',0),(337,12,1,12,1,'2018-03-20 15:35:28','2018-03-20 15:35:28',0),(338,12,3,12,2,'2018-03-20 15:35:28','2018-03-20 15:35:28',0),(339,12,2,12,2,'2018-03-20 15:35:28','2018-03-20 15:35:28',0),(340,12,4,12,-2,'2018-03-20 15:35:28','2018-03-20 15:35:28',0),(341,12,5,12,2,'2018-03-20 15:35:28','2018-03-20 15:35:28',0),(342,12,1,16,4,'2018-03-20 15:35:28','2018-03-20 15:35:28',0),(343,12,1,17,3,'2018-03-20 15:35:28','2018-03-20 15:35:28',0),(344,12,2,18,2,'2018-03-20 15:35:28','2018-03-20 15:35:28',0),(345,12,3,18,2,'2018-03-20 15:35:28','2018-03-20 15:35:28',0),(346,12,4,18,2,'2018-03-20 15:35:28','2018-03-20 15:35:28',0),(347,12,6,19,3,'2018-03-20 15:35:28','2018-03-20 15:35:28',0),(348,12,4,19,3,'2018-03-20 15:35:28','2018-03-20 15:35:28',0),(349,12,5,19,3,'2018-03-20 15:35:28','2018-03-20 15:35:28',0),(350,12,13,19,3,'2018-03-20 15:35:28','2018-03-20 15:35:28',0),(351,12,7,20,3,'2018-03-20 15:35:28','2018-03-20 15:35:28',0),(352,15,13,19,3,'2018-03-20 15:35:28','2018-03-20 15:35:28',0),(353,15,6,19,3,'2018-03-20 15:35:28','2018-03-20 15:35:28',0),(354,15,4,19,3,'2018-03-20 15:35:28','2018-03-20 15:35:28',0),(355,15,5,19,3,'2018-03-20 15:35:28','2018-03-20 15:35:28',0),(356,15,1,23,2,'2018-03-20 15:35:28','2018-03-20 15:35:28',0);

/*Table structure for table `user_chart` */

DROP TABLE IF EXISTS `user_chart`;

CREATE TABLE `user_chart` (
  `id` int(11) NOT NULL AUTO_INCREMENT,
  `user_id` int(11) DEFAULT NULL,
  `entity_id` int(11) DEFAULT NULL,
  `degree` float DEFAULT NULL,
  `date_created` timestamp NOT NULL DEFAULT CURRENT_TIMESTAMP ON UPDATE CURRENT_TIMESTAMP,
  `last_updated` timestamp NOT NULL DEFAULT '0000-00-00 00:00:00',
  `version` tinyint(4) DEFAULT NULL,
  PRIMARY KEY (`id`)
) ENGINE=InnoDB DEFAULT CHARSET=latin1;

/*Data for the table `user_chart` */

/*Table structure for table `users` */

DROP TABLE IF EXISTS `users`;

CREATE TABLE `users` (
  `id` int(11) NOT NULL AUTO_INCREMENT,
  `gender` varchar(6) DEFAULT NULL,
  `first` varchar(64) DEFAULT NULL,
  `last` varchar(64) DEFAULT NULL,
  `email` varchar(128) DEFAULT NULL,
  `dob` datetime NOT NULL,
  `phone` varchar(64) DEFAULT NULL,
  `cell` varchar(64) DEFAULT NULL,
  `picture` varchar(128) DEFAULT NULL,
  `username` varchar(32) DEFAULT NULL,
  `postcode` varchar(32) DEFAULT NULL,
  `street` varchar(64) DEFAULT NULL,
  `city` varchar(32) DEFAULT NULL,
  `state` varchar(64) DEFAULT NULL,
  `country` varchar(32) DEFAULT NULL,
  `password` varchar(64) DEFAULT NULL,
  `date_created` timestamp NULL DEFAULT NULL,
  `last_updated` timestamp NULL DEFAULT NULL,
  `version` tinyint(4) DEFAULT NULL,
  `lat` float DEFAULT NULL,
  `lon` float DEFAULT NULL,
  PRIMARY KEY (`id`)
) ENGINE=InnoDB AUTO_INCREMENT=101 DEFAULT CHARSET=latin1;

/*Data for the table `users` */

insert  into `users`(`id`,`gender`,`first`,`last`,`email`,`dob`,`phone`,`cell`,`picture`,`username`,`postcode`,`street`,`city`,`state`,`country`,`password`,`date_created`,`last_updated`,`version`,`lat`,`lon`) values (1,'female','yvonne','sullivan','yvonne.sullivan@example.com','1979-11-17 22:27:56','(218)-988-5773','(634)-554-2600','https://randomuser.me/api/portraits/women/41.jpg','lazydog439','80446','8541 brown terrace','grants pass','tennessee','US','xiao','2018-03-23 01:48:15','2018-03-23 01:49:41',1,36.2421,-86.6643),(2,'female','melissa','carter','melissa.carter@example.com','1993-07-01 14:24:56','(352)-258-4853','(590)-276-5147','https://randomuser.me/api/portraits/women/89.jpg','redbutterfly232','63308','5623 college st','pittsburgh','ohio','US','yamahar1','2018-03-23 01:48:15','2018-03-23 01:49:40',1,39.9876,-84.4874),(3,'female','judith','woods','judith.woods@example.com','1980-10-05 02:55:12','(441)-579-8692','(357)-562-1603','https://randomuser.me/api/portraits/women/61.jpg','crazyfish234','99999','8257 saddle dr','elizabeth','texas','US','fastball','2018-03-23 01:48:15','2018-03-23 01:49:39',1,30.0766,-94.1888),(4,'male','matthew','woods','matthew.woods@example.com','1959-01-22 15:48:00','(735)-489-0293','(793)-735-8895','https://randomuser.me/api/portraits/men/13.jpg','bluegorilla300','31821','2276 groveland terrace','van alstyne','rhode island','US','tigger1','2018-03-23 01:48:15','2018-03-23 01:49:39',1,33.4217,-96.5939),(5,'female','doris','taylor','doris.taylor@example.com','1990-03-29 23:50:35','(829)-052-1814','(036)-105-2903','https://randomuser.me/api/portraits/women/74.jpg','heavysnake114','65396','2078 green rd','greensboro','iowa','US','petra','2018-03-23 01:48:15','2018-03-23 01:49:39',1,42.0438,-93.6463),(6,'female','edna','barnett','edna.barnett@example.com','1967-06-08 20:05:06','(967)-134-3939','(721)-232-4021','https://randomuser.me/api/portraits/women/51.jpg','orangewolf935','16230','9087 railroad st','pomona','alabama','US','keywest','2018-03-23 01:48:15','2018-03-23 01:49:38',1,38.6291,-95.5086),(7,'male','tomothy','steeves ','tomothy.steeves@example.com','1985-09-10 23:47:53','(596)-791-7354','(666)-824-1866','https://randomuser.me/api/portraits/men/25.jpg','beautifulmeercat636','55941','3699 locust rd','riverside','new jersey','US','124038','2018-03-23 01:48:15','2018-03-23 01:49:38',1,40.0323,-74.9574),(8,'female','genesis','owens','genesis.owens@example.com','1969-09-14 03:16:31','(664)-653-5270','(459)-097-1267','https://randomuser.me/api/portraits/women/4.jpg','yellowmouse254','48908','1444 elgin st','fremont','connecticut','US','toejam','2018-03-23 01:48:15','2018-03-23 01:49:37',1,41.9107,-71.9038),(9,'female','beatrice','romero','beatrice.romero@example.com','1982-07-17 05:14:22','(975)-930-3921','(512)-042-7700','https://randomuser.me/api/portraits/women/41.jpg','tinygorilla907','81289','2112 saddle dr','round rock','pennsylvania','US','giovanni','2018-03-23 01:48:15','2018-03-23 01:49:37',1,30.4988,-97.6128),(10,'male','alberto','carlson','alberto.carlson@example.com','1988-07-24 22:41:36','(504)-589-8481','(793)-851-2661','https://randomuser.me/api/portraits/men/60.jpg','goldenmouse984','22500','3942 mockingbird ln','kent','wisconsin','US','colin','2018-03-23 01:48:15','2018-03-23 01:49:36',1,41.1491,-81.3415),(11,'female','hannah','mitchell','hannah.mitchell@example.com','1946-01-28 07:14:11','(554)-422-2343','(540)-188-2862','https://randomuser.me/api/portraits/women/25.jpg','orangebear745','16566','1327 stevens creek blvd','billings','new mexico','US','warner','2018-03-23 01:48:15','2018-03-23 01:49:36',1,32.2788,-106.748),(12,'female','lynn','wagner','lynn.wagner@example.com','1945-04-25 20:24:33','(789)-838-0353','(571)-742-1472','https://randomuser.me/api/portraits/women/9.jpg','orangemouse906','94446','2402 valwood pkwy','dallas','louisiana','US','chase1','2018-03-23 01:48:15','2018-03-23 01:49:35',1,33.915,-92.8468),(13,'female','marie','palmer','marie.palmer@example.com','1977-04-25 08:17:43','(694)-904-4590','(564)-969-8135','https://randomuser.me/api/portraits/women/1.jpg','redpeacock832','22992','9290 eason rd','inglewood','colorado','US','fischer','2018-03-23 01:48:15','2018-03-23 01:49:35',1,39.6478,-104.988),(14,'female','lesa','young','lesa.young@example.com','1978-09-07 04:22:48','(622)-665-5361','(783)-289-0667','https://randomuser.me/api/portraits/women/17.jpg','lazyostrich681','46163','5389 poplar dr','chattanooga','massachusetts','US','strong','2018-03-23 01:48:15','2018-03-23 01:49:34',1,34.9106,-85.4782),(15,'male','larry','ramos','larry.ramos@example.com','1966-11-06 04:19:46','(286)-874-6203','(122)-129-9386','https://randomuser.me/api/portraits/men/74.jpg','purplebutterfly545','49690','2337 w pecan st','iowa park','iowa','US','studman','2018-03-23 01:48:16','2018-03-23 01:49:34',1,33.965,-98.6536),(16,'female','myrtle','nichols','myrtle.nichols@example.com','1957-01-17 11:48:55','(861)-430-7359','(605)-384-9848','https://randomuser.me/api/portraits/women/54.jpg','redrabbit912','79498','5321 adams st','inglewood','ohio','US','panzer','2018-03-23 01:48:16','2018-03-23 01:49:33',1,39.8776,-84.3022),(17,'female','bertha','taylor','bertha.taylor@example.com','1949-04-22 23:03:59','(704)-575-0122','(806)-340-6759','https://randomuser.me/api/portraits/women/14.jpg','organicsnake265','21862','5873 wheeler ridge dr','ennis','north dakota','US','byteme','2018-03-23 01:48:16','2018-03-23 01:49:33',1,45.2666,-111.454),(18,'female','kathy','daniels','kathy.daniels@example.com','1945-05-20 13:17:19','(029)-004-6015','(735)-913-4826','https://randomuser.me/api/portraits/women/59.jpg','silverbutterfly416','11929','5464 karen dr','murfreesboro','vermont','US','duster','2018-03-23 01:48:16','2018-03-23 01:49:32',1,35.8663,-86.3449),(19,'female','wendy','wallace','wendy.wallace@example.com','1952-04-25 22:39:07','(145)-289-7717','(927)-247-4226','https://randomuser.me/api/portraits/women/59.jpg','greenbird283','12436','1898 westheimer rd','fort lauderdale','west virginia','US','mermaid','2018-03-23 01:48:16','2018-03-23 01:49:32',1,25.9795,-80.2033),(20,'male','vernon','parker','vernon.parker@example.com','1991-04-30 00:26:32','(038)-334-7916','(181)-993-2592','https://randomuser.me/api/portraits/men/38.jpg','smallduck295','95044','6467 homestead rd','charlotte','washington','US','feeling','2018-03-23 01:48:16','2018-03-23 01:49:31',1,35.2144,-80.9473),(21,'female','florence','brewer','florence.brewer@example.com','1961-02-17 20:35:09','(216)-805-7295','(650)-590-3667','https://randomuser.me/api/portraits/women/16.jpg','bigsnake380','64217','9526 lovers ln','colorado springs','iowa','US','evan','2018-03-23 01:48:16','2018-03-23 01:49:31',1,38.843,-104.79),(22,'female','deann','lucas','deann.lucas@example.com','1949-01-16 22:53:27','(757)-110-3798','(277)-281-3758','https://randomuser.me/api/portraits/women/72.jpg','tinywolf284','16789','5316 valley view ln','miami','missouri','US','hannah','2018-03-23 01:48:16','2018-03-23 01:49:30',1,39.3214,-93.228),(23,'male','bernard','fuller','bernard.fuller@example.com','1944-11-28 20:40:40','(060)-922-1197','(199)-763-4456','https://randomuser.me/api/portraits/men/86.jpg','redbird715','28827','6823 wheeler ridge dr','dumas','california','US','ibanez','2018-03-23 01:48:16','2018-03-23 01:49:30',1,32.7412,-117.22),(24,'male','corey','walker','corey.walker@example.com','1975-01-16 17:42:22','(284)-772-7095','(951)-053-4343','https://randomuser.me/api/portraits/men/41.jpg','greenrabbit440','53077','5995 white oak dr','plano','north carolina','US','oreo','2018-03-23 01:48:16','2018-03-23 01:49:29',1,35.3556,-80.8192),(25,'male','jeremy','carr','jeremy.carr@example.com','1990-02-25 15:24:29','(912)-773-9365','(691)-022-1841','https://randomuser.me/api/portraits/men/73.jpg','goldenbear163','64511','1460 dogwood ave','provo','kentucky','US','sneaky','2018-03-23 01:48:16','2018-03-23 01:49:29',1,37.2331,-86.8283),(26,'female','diane','mills','diane.mills@example.com','1949-03-25 04:53:46','(341)-948-0858','(633)-068-6744','https://randomuser.me/api/portraits/women/84.jpg','purplelion281','51005','7635 country club rd','surrey','oregon','US','strawber','2018-03-23 01:48:16','2018-03-23 01:49:28',1,44.318,-121.589),(27,'female','frances','richardson','frances.richardson@example.com','1952-03-23 18:24:19','(035)-924-8117','(353)-917-0484','https://randomuser.me/api/portraits/women/64.jpg','orangepanda551','90175','5558 bruce st','madison','mississippi','US','wombat','2018-03-23 01:48:16','2018-03-23 01:49:28',1,32.4618,-90.1154),(28,'male','sergio','horton','sergio.horton@example.com','1978-04-20 20:36:00','(104)-147-1132','(770)-145-3938','https://randomuser.me/api/portraits/men/62.jpg','bigladybug949','22991','9941 white oak dr','little rock','new york','US','dragon1','2018-03-23 01:48:16','2018-03-23 01:49:27',1,34.7617,-92.3),(29,'male','terrance','cole','terrance.cole@example.com','1989-11-10 13:08:14','(117)-139-0430','(502)-502-0021','https://randomuser.me/api/portraits/men/65.jpg','orangerabbit354','94080','8293 camden ave','red bluff','kentucky','US','pornking','2018-03-23 01:48:16','2018-03-23 01:48:16',0,NULL,NULL),(30,'female','wendy','lynch','wendy.lynch@example.com','1952-04-04 23:42:16','(077)-580-0683','(733)-625-6383','https://randomuser.me/api/portraits/women/46.jpg','tinymouse438','13999','7508 shady ln dr','arlington','oklahoma','US','budweise','2018-03-23 01:48:16','2018-03-23 01:49:26',1,35.579,-96.6797),(31,'male','warren','welch','warren.welch@example.com','1960-11-20 18:32:47','(165)-178-9968','(202)-954-1033','https://randomuser.me/api/portraits/men/7.jpg','goldenrabbit418','46529','7521 groveland terrace','thornton','north dakota','US','toon','2018-03-23 01:48:16','2018-03-23 01:49:25',1,46.8665,-99.753),(32,'male','javier','jordan','javier.jordan@example.com','1961-04-11 18:59:49','(407)-697-8154','(156)-080-4460','https://randomuser.me/api/portraits/men/15.jpg','blueostrich652','81527','2420 valley view ln','santa ana','new jersey','US','lonestar','2018-03-23 01:48:16','2018-03-23 01:49:25',1,33.7148,-117.79),(33,'male','cody','carter','cody.carter@example.com','1969-01-23 04:25:08','(018)-143-8922','(476)-852-7634','https://randomuser.me/api/portraits/men/93.jpg','orangegoose989','96862','4323 photinia ave','fayetteville','georgia','US','zhou','2018-03-23 01:48:16','2018-03-23 01:49:24',1,33.4487,-84.4549),(34,'female','suzanne','jensen','suzanne.jensen@example.com','1992-05-14 01:08:43','(945)-769-5485','(504)-783-9145','https://randomuser.me/api/portraits/women/31.jpg','greenpeacock971','77526','8183 robinson rd','santa clara','texas','US','gangbanged','2018-03-23 01:48:17','2018-03-23 01:49:24',1,29.5976,-98.1543),(35,'male','jamie','duncan','jamie.duncan@example.com','1966-07-10 18:59:49','(545)-024-9966','(363)-166-9642','https://randomuser.me/api/portraits/men/35.jpg','bluemeercat155','75505','2125 bruce st','seattle','nebraska','US','2222222','2018-03-23 01:48:17','2018-03-23 01:49:23',1,47.6602,-122.417),(36,'female','norma','richardson','norma.richardson@example.com','1970-11-14 19:15:47','(346)-181-3760','(091)-663-6271','https://randomuser.me/api/portraits/women/65.jpg','crazybear350','47294','8344 paddock way','the colony','nevada','US','barefoot','2018-03-23 01:48:17','2018-03-23 01:49:23',1,38.8026,-116.419),(37,'male','jared','foster','jared.foster@example.com','1991-03-29 21:20:18','(680)-011-7069','(613)-065-4592','https://randomuser.me/api/portraits/men/37.jpg','goldentiger838','12092','7121 white oak dr','santa clarita','utah','US','kyle','2018-03-23 01:48:17','2018-03-23 01:49:23',1,37.133,-113.654),(38,'male','owen','kennedy','owen.kennedy@example.com','1974-02-08 10:13:23','(469)-910-0424','(299)-171-0582','https://randomuser.me/api/portraits/men/34.jpg','bigdog790','63887','1455 e sandy lake rd','fontana','connecticut','US','felicia','2018-03-23 01:48:17','2018-03-23 01:49:22',1,41.0324,-73.6256),(39,'female','mabel','spencer','mabel.spencer@example.com','1947-11-25 19:38:17','(476)-751-7345','(925)-423-8467','https://randomuser.me/api/portraits/women/43.jpg','whitefish212','61224','3145 adams st','clarksville','colorado','US','brian1','2018-03-23 01:48:17','2018-03-23 01:49:21',1,30.2783,-97.7737),(40,'female','bertha','crawford','bertha.crawford@example.com','1956-10-27 11:59:33','(094)-784-1058','(010)-635-6044','https://randomuser.me/api/portraits/women/88.jpg','goldenelephant636','35984','3827 thornridge cir','glendale','nebraska','US','grover','2018-03-23 01:48:17','2018-03-23 01:49:21',1,33.3564,-111.474),(41,'female','bertha','white','bertha.white@example.com','1974-04-27 12:26:30','(523)-929-8655','(651)-278-0647','https://randomuser.me/api/portraits/women/12.jpg','greenfrog904','10582','6964 hickory creek dr','pembroke pines','iowa','US','links','2018-03-23 01:48:17','2018-03-23 01:48:17',0,NULL,NULL),(42,'female','violet','olson','violet.olson@example.com','1960-01-24 07:06:23','(701)-107-6018','(162)-881-9265','https://randomuser.me/api/portraits/women/60.jpg','ticklishladybug570','55771','6362 depaul dr','irving','west virginia','US','maurice','2018-03-23 01:48:17','2018-03-23 01:49:20',1,39.278,-80.3427),(43,'female','peggy','reynolds','peggy.reynolds@example.com','1991-07-22 11:27:53','(789)-095-5198','(369)-854-3646','https://randomuser.me/api/portraits/women/82.jpg','tinywolf865','19572','7642 mcgowen st','washington','south dakota','US','gillian','2018-03-23 01:48:17','2018-03-23 01:49:20',1,43.9949,-97.1093),(44,'female','judith','gutierrez','judith.gutierrez@example.com','1950-07-24 20:33:37','(564)-963-2086','(780)-074-0956','https://randomuser.me/api/portraits/women/88.jpg','yellowelephant654','75916','2106 valley view ln','orange','colorado','US','brittney','2018-03-23 01:48:17','2018-03-23 01:49:19',1,33.7129,-117.791),(45,'male','claude','dunn','claude.dunn@example.com','1987-08-11 23:14:42','(275)-932-4119','(946)-249-2657','https://randomuser.me/api/portraits/men/89.jpg','goldenbird150','90384','2725 oak lawn ave','woodbridge','delaware','US','cold','2018-03-23 01:48:17','2018-03-23 01:49:19',1,38.7938,-75.5742),(46,'male','duane','rose','duane.rose@example.com','1991-04-15 04:47:24','(452)-465-5351','(429)-039-7559','https://randomuser.me/api/portraits/men/22.jpg','bluemeercat340','34057','3522 adams st','rockford','alabama','US','pantera1','2018-03-23 01:48:17','2018-03-23 01:49:18',1,32.8896,-86.2197),(47,'male','scott','simmmons','scott.simmmons@example.com','1967-06-16 08:04:43','(126)-636-8908','(671)-781-7286','https://randomuser.me/api/portraits/men/23.jpg','lazyfrog128','66855','8055 lakeshore rd','riverside','rhode island','US','serious','2018-03-23 01:48:17','2018-03-23 01:49:18',1,41.7675,-71.3647),(48,'female','ashley','newman','ashley.newman@example.com','1973-01-01 11:09:45','(849)-980-3551','(602)-839-5062','https://randomuser.me/api/portraits/women/38.jpg','crazypeacock975','68993','9285 woodland st','waxahachie','idaho','US','mongoose','2018-03-23 01:48:17','2018-03-23 01:48:17',0,NULL,NULL),(49,'male','lonnie','torres','lonnie.torres@example.com','1978-10-10 14:53:08','(176)-859-5574','(764)-090-0957','https://randomuser.me/api/portraits/men/43.jpg','tinysnake212','76498','7063 preston rd','midland','alabama','US','terefon','2018-03-23 01:48:17','2018-03-23 01:49:17',1,31.3191,-85.4938),(50,'male','nicholas','gilbert','nicholas.gilbert@example.com','1982-09-28 19:35:49','(668)-682-6363','(830)-803-2506','https://randomuser.me/api/portraits/men/25.jpg','tinylion873','17902','3871 college st','mobile','arkansas','US','8j4ye3uz','2018-03-23 01:48:17','2018-03-23 01:49:16',1,34.5219,-90.588),(51,'male','thomas','kennedy','thomas.kennedy@example.com','1952-05-03 10:20:41','(387)-583-4213','(894)-563-4645','https://randomuser.me/api/portraits/men/66.jpg','tinyduck159','81540','3275 bollinger rd','honolulu','oregon','US','gotyoass','2018-03-23 01:48:17','2018-03-23 01:49:16',1,44.1168,-123.159),(52,'male','sergio','daniels','sergio.daniels@example.com','1985-12-17 23:30:48','(496)-388-5277','(294)-267-5370','https://randomuser.me/api/portraits/men/16.jpg','heavyrabbit324','33961','4391 eason rd','fullerton','michigan','US','james1','2018-03-23 01:48:17','2018-03-23 01:49:15',1,42.3785,-83.3033),(53,'female','felecia','sims','felecia.sims@example.com','1965-02-13 02:03:47','(896)-214-1076','(640)-622-6822','https://randomuser.me/api/portraits/women/88.jpg','bigtiger276','80027','1869 crockett st','greensboro','montana','US','jillian','2018-03-23 01:48:17','2018-03-23 01:49:15',1,35.874,-80.046),(54,'male','allen','ford','allen.ford@example.com','1949-01-22 18:12:19','(901)-024-7442','(269)-299-0465','https://randomuser.me/api/portraits/men/33.jpg','blackbird169','62666','7716 adams st','rochester','missouri','US','murphy1','2018-03-23 01:48:17','2018-03-23 01:49:14',1,39.9122,-94.6847),(55,'female','gail','brown','gail.brown@example.com','1951-08-10 15:17:34','(730)-592-8231','(888)-501-1217','https://randomuser.me/api/portraits/women/3.jpg','whitemeercat788','40672','1930 hunters creek dr','philadelphia','missouri','US','bermuda','2018-03-23 01:48:18','2018-03-23 01:49:14',1,39.8386,-91.7391),(56,'male','dan','lee','dan.lee@example.com','1975-09-06 02:04:44','(669)-278-3500','(757)-562-2473','https://randomuser.me/api/portraits/men/52.jpg','blackpeacock236','19664','3847 white oak dr','oakland','washington','US','miller1','2018-03-23 01:48:18','2018-03-23 01:49:13',1,47.227,-123.066),(57,'male','edward','ruiz','edward.ruiz@example.com','1948-10-19 20:03:32','(602)-465-8701','(675)-364-8671','https://randomuser.me/api/portraits/men/29.jpg','orangebird284','61226','2471 green rd','norwalk','texas','US','revenge','2018-03-23 01:48:18','2018-03-23 01:49:13',1,29.5298,-95.419),(58,'male','ryan','silva','ryan.silva@example.com','1953-11-29 12:39:19','(474)-641-2962','(322)-581-4831','https://randomuser.me/api/portraits/men/88.jpg','crazyelephant355','73218','2259 locust rd','lubbock','virginia','US','mantle','2018-03-23 01:48:18','2018-03-23 01:49:13',1,33.5083,-101.982),(59,'male','ernest','anderson','ernest.anderson@example.com','1946-05-16 14:06:02','(463)-652-5738','(140)-784-7973','https://randomuser.me/api/portraits/men/81.jpg','bluedog572','31589','1087 prospect rd','minneapolis','montana','US','ring','2018-03-23 01:48:18','2018-03-23 01:49:12',1,44.9874,-93.14),(60,'male','milton','bell','milton.bell@example.com','1946-01-13 03:38:14','(506)-132-1754','(397)-310-4143','https://randomuser.me/api/portraits/men/7.jpg','silvertiger131','73418','2547 northaven rd','santa maria','new hampshire','US','softail','2018-03-23 01:48:18','2018-03-23 01:49:11',1,34.6667,-120.459),(61,'female','chloe','perez','chloe.perez@example.com','1948-05-13 12:58:03','(632)-551-5089','(497)-799-8151','https://randomuser.me/api/portraits/women/61.jpg','purplepanda877','21841','8682 bruce st','coppell','oregon','US','thanatos','2018-03-23 01:48:18','2018-03-23 01:48:18',0,NULL,NULL),(62,'male','vernon','bates','vernon.bates@example.com','1986-07-15 00:32:49','(961)-853-1450','(398)-333-0668','https://randomuser.me/api/portraits/men/72.jpg','silvergorilla481','52607','3151 rolling green rd','college station','illinois','US','patty','2018-03-23 01:48:18','2018-03-23 01:49:10',1,38.6239,-90.1404),(63,'male','ben','caldwell','ben.caldwell@example.com','1983-05-26 10:03:52','(928)-590-3397','(408)-557-0722','https://randomuser.me/api/portraits/men/64.jpg','organicsnake130','49800','1121 w dallas st','yakima','ohio','US','laurel','2018-03-23 01:48:18','2018-03-23 01:49:10',1,40.7264,-84.1965),(64,'female','denise','ray','denise.ray@example.com','1984-11-28 10:06:07','(855)-486-2994','(945)-420-2240','https://randomuser.me/api/portraits/women/9.jpg','bigbird439','18463','6894 mcgowen st','bakersfield','pennsylvania','US','daphne','2018-03-23 01:48:18','2018-03-23 01:49:10',1,40.4441,-79.9966),(65,'female','kitty','rodriquez','kitty.rodriquez@example.com','1969-01-30 00:07:22','(782)-679-9569','(819)-168-4473','https://randomuser.me/api/portraits/women/95.jpg','greenmouse370','53485','6795 ranchview dr','desoto','maryland','US','sarah1','2018-03-23 01:48:18','2018-03-23 01:49:09',1,38.5127,-76.6767),(66,'female','gina','gordon','gina.gordon@example.com','1945-12-28 03:29:53','(128)-374-7493','(393)-846-5808','https://randomuser.me/api/portraits/women/19.jpg','brownelephant537','68781','8537 spring st','mckinney','kentucky','US','hrfzlz','2018-03-23 01:48:18','2018-03-23 01:49:08',1,37.4564,-84.7568),(67,'female','sonia','mendoza','sonia.mendoza@example.com','1970-09-17 05:48:45','(199)-488-6557','(945)-806-2603','https://randomuser.me/api/portraits/women/63.jpg','redcat746','25734','4519 camden ave','riverside','connecticut','US','bootsy','2018-03-23 01:48:18','2018-03-23 01:49:08',1,41.0338,-73.5785),(68,'male','joshua','thompson','joshua.thompson@example.com','1952-05-22 22:02:26','(573)-602-3840','(639)-728-9342','https://randomuser.me/api/portraits/men/94.jpg','silvermouse569','80594','8602 w pecan st','davenport','tennessee','US','hello123','2018-03-23 01:48:18','2018-03-23 01:49:07',1,35.0475,-85.3021),(69,'female','crystal','simmons','crystal.simmons@example.com','1966-04-24 05:52:23','(916)-051-5595','(336)-638-2082','https://randomuser.me/api/portraits/women/30.jpg','blueswan698','87251','2483 oak lawn ave','lexington','new hampshire','US','pimp','2018-03-23 01:48:18','2018-03-23 01:49:07',1,42.3953,-71.2365),(70,'female','lucy','welch','lucy.welch@example.com','1977-08-05 15:17:46','(742)-100-6481','(705)-459-6961','https://randomuser.me/api/portraits/women/92.jpg','greentiger117','15648','9505 country club rd','pembroke pines','idaho','US','computer','2018-03-23 01:48:18','2018-03-23 01:48:18',0,NULL,NULL),(71,'female','valerie','perez','valerie.perez@example.com','1973-11-15 09:21:37','(068)-690-1209','(156)-203-1025','https://randomuser.me/api/portraits/women/72.jpg','organiclion567','77915','4496 valwood pkwy','cape fear','oklahoma','US','fishfish','2018-03-23 01:48:18','2018-03-23 01:49:06',1,35.1468,-97.2281),(72,'male','landon','hale','landon.hale@example.com','1958-11-10 00:33:20','(408)-097-6066','(094)-878-1628','https://randomuser.me/api/portraits/men/60.jpg','greenmouse373','59644','1577 hogan st','vernon','washington','US','spam','2018-03-23 01:48:18','2018-03-23 01:49:06',1,48.4212,-122.334),(73,'female','sandra','jones','sandra.jones@example.com','1990-08-14 03:39:37','(798)-193-1778','(218)-230-1864','https://randomuser.me/api/portraits/women/23.jpg','yellowfish651','99017','9810 wycliff ave','reno','ohio','US','duke','2018-03-23 01:48:18','2018-03-23 01:49:05',1,39.373,-81.3962),(74,'male','franklin','curtis','franklin.curtis@example.com','1988-07-30 02:28:11','(767)-959-7571','(346)-758-7755','https://randomuser.me/api/portraits/men/17.jpg','whiteduck113','91197','1566 sunset st','new orleans','connecticut','US','klaus','2018-03-23 01:48:18','2018-03-23 01:49:05',1,29.9515,-90.0764),(75,'male','floyd','lee','floyd.lee@example.com','1987-03-25 22:39:53','(375)-176-8640','(566)-612-5713','https://randomuser.me/api/portraits/men/51.jpg','smallgoose516','26617','9211 spring st','santa clara','north carolina','US','young1','2018-03-23 01:48:18','2018-03-23 01:49:04',1,35.2729,-81.6483),(76,'female','clara','gilbert','clara.gilbert@example.com','1946-11-21 09:50:00','(918)-397-7557','(025)-298-8046','https://randomuser.me/api/portraits/women/1.jpg','crazydog786','84757','4652 white oak dr','vernon','georgia','US','peaches','2018-03-23 01:48:19','2018-03-23 01:49:03',1,32.1785,-82.5946),(77,'male','roberto','west','roberto.west@example.com','1948-06-06 04:38:08','(582)-099-9905','(738)-920-5810','https://randomuser.me/api/portraits/men/12.jpg','yellowsnake950','76754','4082 plum st','berkeley','north carolina','US','waffle','2018-03-23 01:48:19','2018-03-23 01:49:03',1,35.9529,-77.8611),(78,'male','danny','gibson','danny.gibson@example.com','1962-07-25 21:15:59','(664)-489-5737','(327)-902-6829','https://randomuser.me/api/portraits/men/64.jpg','crazygoose932','75216','7059 parker rd','port st. lucie','rhode island','US','blazer','2018-03-23 01:48:19','2018-03-23 01:49:03',1,27.2563,-80.4098),(79,'male','bernard','moore','bernard.moore@example.com','1976-01-11 15:08:56','(691)-753-7062','(321)-924-2767','https://randomuser.me/api/portraits/men/20.jpg','organicmeercat753','66399','1105 white oak dr','topeka','arkansas','US','dennis','2018-03-23 01:48:19','2018-03-23 01:49:02',1,35.3498,-93.2337),(80,'male','ernest','holmes','ernest.holmes@example.com','1992-03-03 18:24:26','(504)-495-5337','(506)-405-8442','https://randomuser.me/api/portraits/men/92.jpg','greentiger915','50388','2892 railroad st','los lunas','louisiana','US','manson','2018-03-23 01:48:19','2018-03-23 01:49:02',1,34.7715,-106.649),(81,'male','dwight','pena','dwight.pena@example.com','1955-07-24 12:52:14','(943)-311-0706','(311)-217-9609','https://randomuser.me/api/portraits/men/11.jpg','crazybear609','93621','7046 karen dr','new orleans','new hampshire','US','moonshin','2018-03-23 01:48:19','2018-03-23 01:49:01',1,30.0455,-89.9341),(82,'male','arron','walker','arron.walker@example.com','1990-07-16 20:13:11','(361)-340-9641','(702)-221-5029','https://randomuser.me/api/portraits/men/41.jpg','beautifulgoose311','43978','5499 dane st','st. louis','new mexico','US','bugger','2018-03-23 01:48:19','2018-03-23 01:49:00',1,30.3258,-89.4136),(83,'female','myrtle','watkins','myrtle.watkins@example.com','1994-03-21 17:32:35','(228)-184-8733','(610)-843-3470','https://randomuser.me/api/portraits/women/17.jpg','ticklishladybug321','27559','6974 e sandy lake rd','providence','new mexico','US','katherin','2018-03-23 01:48:19','2018-03-23 01:49:00',1,32.408,-106.835),(84,'male','steve','hill','steve.hill@example.com','1947-05-10 06:51:13','(661)-477-6729','(455)-918-4151','https://randomuser.me/api/portraits/men/54.jpg','ticklishbear935','60089','2738 railroad st','garland','louisiana','US','blonde','2018-03-23 01:48:19','2018-03-23 01:48:59',1,30.7271,-92.0723),(85,'female','emma','howell','emma.howell@example.com','1948-01-07 17:24:26','(683)-700-0120','(454)-044-3604','https://randomuser.me/api/portraits/women/68.jpg','silverrabbit919','28310','7087 bruce st','evansville','alabama','US','1992','2018-03-23 01:48:19','2018-03-23 01:48:59',1,32.8382,-87.7525),(86,'female','kathy','richards','kathy.richards@example.com','1974-07-12 13:17:07','(276)-396-9639','(648)-389-3866','https://randomuser.me/api/portraits/women/61.jpg','bigbear785','15117','7365 n stelling rd','lexington','massachusetts','US','frog','2018-03-23 01:48:19','2018-03-23 01:48:59',1,42.443,-71.229),(87,'male','caleb','richardson','caleb.richardson@example.com','1981-12-28 18:25:55','(079)-533-1224','(759)-595-3393','https://randomuser.me/api/portraits/men/10.jpg','whitemouse302','42930','9500 washington ave','davenport','south carolina','US','m5wkqf','2018-03-23 01:48:19','2018-03-23 01:48:58',1,34.9405,-82.2303),(88,'female','nevaeh','garrett','nevaeh.garrett@example.com','1985-03-24 23:43:21','(643)-102-0276','(586)-038-8023','https://randomuser.me/api/portraits/women/35.jpg','crazyelephant381','79135','8569 woodland st','mesa','north carolina','US','lister','2018-03-23 01:48:19','2018-03-23 01:48:57',1,31.7428,-106.362),(89,'male','dwight','shelton','dwight.shelton@example.com','1945-12-17 15:57:54','(698)-295-3612','(942)-533-7901','https://randomuser.me/api/portraits/men/87.jpg','blackfrog786','71529','4232 central st','elgin','california','US','donna1','2018-03-23 01:48:19','2018-03-23 01:48:57',1,41.922,-87.6971),(90,'male','perry','lewis','perry.lewis@example.com','1957-01-07 05:31:37','(700)-712-1384','(149)-165-0955','https://randomuser.me/api/portraits/men/63.jpg','goldenostrich527','85440','2794 fairview st','ennis','west virginia','US','sluts','2018-03-23 01:48:19','2018-03-23 01:48:57',1,37.3759,-81.3929),(91,'female','jennie','wright','jennie.wright@example.com','1945-10-30 15:35:19','(792)-856-4563','(247)-483-2977','https://randomuser.me/api/portraits/women/74.jpg','beautifulgoose556','99215','8749 wycliff ave','charleston','montana','US','aptiva','2018-03-23 01:48:19','2018-03-23 01:48:56',1,36.2572,-115.643),(92,'male','miguel','graves','miguel.graves@example.com','1955-12-30 14:36:14','(749)-534-0829','(897)-253-6668','https://randomuser.me/api/portraits/men/35.jpg','whitegoose725','35993','4160 dogwood ave','montgomery','florida','US','limewire','2018-03-23 01:48:19','2018-03-23 01:48:56',1,42.8984,-74.1945),(93,'male','gilbert','meyer','gilbert.meyer@example.com','1958-12-22 14:18:07','(365)-684-1578','(175)-652-4165','https://randomuser.me/api/portraits/men/67.jpg','purpledog214','64245','4016 w 6th st','west valley city','maine','US','wendy1','2018-03-23 01:48:19','2018-03-23 01:48:55',1,45.0884,-70.2533),(94,'female','beth','barrett','beth.barrett@example.com','1962-04-10 01:04:02','(327)-339-9842','(846)-144-9672','https://randomuser.me/api/portraits/women/19.jpg','brownfrog428','32423','1914 oak ridge ln','san antonio','wisconsin','US','joseph1','2018-03-23 01:48:19','2018-03-23 01:48:19',0,NULL,NULL),(95,'male','dylan','myers','dylan.myers@example.com','1993-04-01 13:05:35','(399)-965-9313','(300)-825-5000','https://randomuser.me/api/portraits/men/38.jpg','ticklishgorilla271','72150','7627 marsh ln','cedar hill','missouri','US','packers','2018-03-23 01:48:20','2018-03-23 01:48:54',1,38.3534,-90.6412),(96,'male','everett','murray','everett.murray@example.com','1957-04-07 16:18:46','(514)-907-4807','(800)-271-9707','https://randomuser.me/api/portraits/men/69.jpg','lazybear398','57497','4755 brown terrace','washington','north dakota','US','4711','2018-03-23 01:48:20','2018-03-23 01:48:54',1,43.9695,-99.9018),(97,'female','sarah','parker','sarah.parker@example.com','1971-06-02 06:15:02','(168)-228-0831','(487)-784-8312','https://randomuser.me/api/portraits/women/48.jpg','greenfrog606','55058','7566 valwood pkwy','roseburg','wisconsin','US','cowboys','2018-03-23 01:48:20','2018-03-23 01:48:20',0,NULL,NULL),(98,'male','randy','gutierrez','randy.gutierrez@example.com','1966-03-23 16:38:42','(337)-036-1047','(148)-358-3175','https://randomuser.me/api/portraits/men/85.jpg','crazyduck475','99689','7727 e little york rd','orlando','tennessee','US','daniels','2018-03-23 01:48:20','2018-03-23 01:48:53',1,36.6009,-86.7167),(99,'male','ross','peters','ross.peters@example.com','1969-06-29 11:21:49','(197)-211-6534','(301)-728-4581','https://randomuser.me/api/portraits/men/36.jpg','whitepanda591','46452','6962 timber wolf trail','great falls','missouri','US','lightnin','2018-03-23 01:48:20','2018-03-23 01:48:52',1,47.4942,-111.283),(100,'female','brooklyn','day','brooklyn.day@example.com','1961-01-02 06:45:04','(310)-520-9404','(991)-707-6700','https://randomuser.me/api/portraits/women/26.jpg','smallleopard324','56391','1008 white oak dr','altoona','arkansas','US','furball','2018-03-23 01:48:20','2018-03-23 01:48:20',0,NULL,NULL);

/*!40101 SET SQL_MODE=@OLD_SQL_MODE */;
/*!40014 SET FOREIGN_KEY_CHECKS=@OLD_FOREIGN_KEY_CHECKS */;
/*!40014 SET UNIQUE_CHECKS=@OLD_UNIQUE_CHECKS */;
/*!40111 SET SQL_NOTES=@OLD_SQL_NOTES */;
